Match ID,Innings,Team ID,Team,Total,Wickets,Overs,RR,LB,NB,W,B,PEN
1178405,1,335975,Delhi Capitals,155,7,20.0,7.75,5.0,1.0,3.0,,
1178405,2,628333,Sunrisers Hyderabad,116,10,18.5,6.15,,1.0,4.0,,
1178404,1,335971,Kolkata Knight Riders,161,8,20.0,8.05,1.0,,8.0,,
1178404,2,335974,Chennai Super Kings,162,5,19.4,8.23,,,2.0,,
1178403,1,335973,Kings XI Punjab,173,4,20.0,8.65,2.0,,5.0,,
1178403,2,335970,Royal Challengers Bangalore,174,2,19.2,9.0,,,1.0,,
1178402,1,335978,Mumbai Indians,187,5,20.0,9.35,1.0,,3.0,,
1178402,2,335977,Rajasthan Royals,188,6,19.3,9.64,2.0,,2.0,,
1178401,1,335971,Kolkata Knight Riders,178,7,20.0,8.9,1.0,1.0,3.0,,
1178401,2,335975,Delhi Capitals,180,3,18.5,9.55,1.0,,2.0,,
1178400,1,335977,Rajasthan Royals,151,7,20.0,7.55,1.0,,6.0,,
1178400,2,335974,Chennai Super Kings,155,6,20.0,7.75,5.0,1.0,3.0,,
1178399,1,335973,Kings XI Punjab,197,4,20.0,9.85,1.0,,6.0,,
1178399,2,335978,Mumbai Indians,198,7,20.0,9.9,,1.0,11.0,,
1178398,1,335971,Kolkata Knight Riders,108,9,20.0,5.4,1.0,,3.0,,
1178398,2,335974,Chennai Super Kings,111,3,17.2,6.4,,2.0,6.0,,
1178397,1,628333,Sunrisers Hyderabad,150,4,20.0,7.5,5.0,,3.0,,
1178397,2,335973,Kings XI Punjab,151,4,19.5,7.61,1.0,,,,
1178396,1,335977,Rajasthan Royals,139,3,20.0,6.95,5.0,2.0,4.0,,
1178396,2,335971,Kolkata Knight Riders,140,2,13.5,10.12,8.0,,3.0,,
1178395,1,335970,Royal Challengers Bangalore,149,8,20.0,7.45,1.0,1.0,3.0,,
1178395,2,335975,Delhi Capitals,152,6,18.5,8.07,5.0,1.0,6.0,,
1178394,1,335978,Mumbai Indians,136,7,20.0,6.8,,1.0,5.0,,
1178394,2,628333,Sunrisers Hyderabad,96,10,17.4,5.43,2.0,,3.0,1.0,
1178393,1,335974,Chennai Super Kings,160,3,20.0,8.0,,,5.0,,
1178393,2,335973,Kings XI Punjab,138,5,20.0,6.9,,2.0,2.0,,
1175372,1,335970,Royal Challengers Bangalore,205,3,20.0,10.25,1.0,,4.0,,
1175372,2,335971,Kolkata Knight Riders,206,5,19.1,10.74,2.0,3.0,8.0,,
1175371,1,335975,Delhi Capitals,129,8,20.0,6.45,3.0,,2.0,,
1175371,2,628333,Sunrisers Hyderabad,131,5,18.3,7.08,4.0,,3.0,4.0,
1175370,1,335978,Mumbai Indians,170,5,20.0,8.5,1.0,1.0,4.0,,
1175370,2,335974,Chennai Super Kings,133,8,20.0,6.65,7.0,2.0,5.0,,
1175369,1,335970,Royal Challengers Bangalore,158,4,20.0,7.9,2.0,1.0,1.0,1.0,
1175369,2,335977,Rajasthan Royals,164,3,19.5,8.26,1.0,,5.0,4.0,
1175368,1,335973,Kings XI Punjab,166,9,20.0,8.3,,,8.0,1.0,
1175368,2,335975,Delhi Capitals,152,10,19.2,7.86,6.0,,5.0,,
1175367,1,335974,Chennai Super Kings,175,5,20.0,8.75,1.0,1.0,5.0,,
1175367,2,335977,Rajasthan Royals,167,8,20.0,8.35,2.0,1.0,4.0,,
1175366,1,628333,Sunrisers Hyderabad,231,2,20.0,11.55,1.0,,1.0,,
1175366,2,335970,Royal Challengers Bangalore,113,10,19.5,5.69,,1.0,3.0,4.0,
1175365,1,335971,Kolkata Knight Riders,185,8,20.0,9.25,4.0,1.0,3.0,,
1175365,2,335975,Delhi Capitals,185,6,20.0,9.25,1.0,,3.0,,
1175364,1,335978,Mumbai Indians,176,7,20.0,8.8,3.0,,4.0,,
1175364,2,335973,Kings XI Punjab,177,2,18.4,9.48,1.0,,7.0,,
1175363,1,335977,Rajasthan Royals,198,2,20.0,9.9,,1.0,4.0,,
1175363,2,628333,Sunrisers Hyderabad,201,5,19.0,10.57,1.0,,5.0,,
1175362,1,335978,Mumbai Indians,187,8,20.0,9.35,1.0,1.0,4.0,4.0,
1175362,2,335970,Royal Challengers Bangalore,181,5,20.0,9.05,2.0,,3.0,,
1175361,1,335971,Kolkata Knight Riders,218,4,20.0,10.9,1.0,1.0,3.0,,
1175361,2,335973,Kings XI Punjab,190,4,20.0,9.5,1.0,,5.0,,
1175360,1,335975,Delhi Capitals,147,6,20.0,7.35,2.0,,5.0,,
1175360,2,335974,Chennai Super Kings,150,4,19.4,7.62,5.0,1.0,2.0,,
1175359,1,335973,Kings XI Punjab,184,4,20.0,9.2,4.0,,8.0,4.0,
1175359,2,335977,Rajasthan Royals,170,9,20.0,8.5,1.0,2.0,2.0,,
1175358,1,335975,Delhi Capitals,213,6,20.0,10.65,2.0,2.0,2.0,,
1175358,2,335978,Mumbai Indians,176,10,19.2,9.1,2.0,,7.0,,
1175357,1,628333,Sunrisers Hyderabad,181,3,20.0,9.05,4.0,1.0,2.0,1.0,
1175357,2,335971,Kolkata Knight Riders,183,4,19.4,9.3,1.0,,3.0,,
1175356,1,335970,Royal Challengers Bangalore,70,10,17.1,4.07,3.0,1.0,,,
1175356,2,335974,Chennai Super Kings,71,3,17.4,4.01,1.0,1.0,3.0,,
1136620,1,628333,Sunrisers Hyderabad,178,6,20.0,8.9,1.0,1.0,6.0,,
1136620,2,335974,Chennai Super Kings,181,2,18.3,9.78,3.0,,3.0,,
1136619,1,628333,Sunrisers Hyderabad,174,7,20.0,8.7,1.0,,4.0,,
1136619,2,335971,Kolkata Knight Riders,160,9,20.0,8.0,2.0,,1.0,,
1136618,1,335971,Kolkata Knight Riders,169,7,20.0,8.45,,1.0,5.0,4.0,
1136618,2,335977,Rajasthan Royals,144,4,20.0,7.2,,,1.0,,
1136617,1,628333,Sunrisers Hyderabad,139,7,20.0,6.95,,,9.0,,
1136617,2,335974,Chennai Super Kings,140,8,19.1,7.3,2.0,,3.0,,
1136616,1,335973,Kings XI Punjab,153,10,19.4,7.77,4.0,1.0,5.0,1.0,
1136616,2,335974,Chennai Super Kings,159,5,19.1,8.29,,1.0,7.0,1.0,
1136615,1,335975,Delhi Daredevils,174,4,20.0,8.7,6.0,,5.0,1.0,
1136615,2,335978,Mumbai Indians,163,10,19.3,8.35,1.0,,6.0,,
1136614,1,628333,Sunrisers Hyderabad,172,9,20.0,8.6,1.0,1.0,5.0,4.0,
1136614,2,335971,Kolkata Knight Riders,173,5,19.4,8.79,2.0,,5.0,,
1136613,1,335977,Rajasthan Royals,164,5,20.0,8.2,1.0,,4.0,,
1136613,2,335970,Royal Challengers Bangalore,134,10,19.2,6.93,1.0,,1.0,1.0,
1136612,1,335975,Delhi Daredevils,162,5,20.0,8.1,3.0,,6.0,,
1136612,2,335974,Chennai Super Kings,128,6,20.0,6.4,2.0,,,,
1136611,1,335970,Royal Challengers Bangalore,218,6,20.0,10.9,1.0,,2.0,1.0,
1136611,2,628333,Sunrisers Hyderabad,204,3,20.0,10.2,2.0,,3.0,,
1136610,1,335978,Mumbai Indians,186,8,20.0,9.3,5.0,1.0,5.0,,
1136610,2,335973,Kings XI Punjab,183,5,20.0,9.15,2.0,,5.0,2.0,
1136609,1,335977,Rajasthan Royals,142,10,19.0,7.47,1.0,,1.0,,
1136609,2,335971,Kolkata Knight Riders,145,4,18.0,8.05,1.0,,1.0,,
1136608,1,335973,Kings XI Punjab,88,10,15.1,5.8,2.0,,3.0,,
1136608,2,335970,Royal Challengers Bangalore,92,0,8.1,11.26,2.0,1.0,1.0,,
1136607,1,335978,Mumbai Indians,168,6,20.0,8.4,2.0,,7.0,,
1136607,2,335977,Rajasthan Royals,171,3,18.0,9.5,1.0,,9.0,,
1136606,1,628333,Sunrisers Hyderabad,179,4,20.0,8.95,3.0,,10.0,,
1136606,2,335974,Chennai Super Kings,180,2,19.0,9.47,,,1.0,,
1136605,1,335975,Delhi Daredevils,181,4,20.0,9.05,1.0,1.0,5.0,,
1136605,2,335970,Royal Challengers Bangalore,187,5,19.0,9.84,,,7.0,4.0,
1136604,1,335971,Kolkata Knight Riders,245,6,20.0,12.25,,,5.0,,
1136604,2,335973,Kings XI Punjab,214,8,20.0,10.7,1.0,,6.0,,
1136603,1,335974,Chennai Super Kings,176,4,20.0,8.8,1.0,1.0,10.0,,
1136603,2,335977,Rajasthan Royals,177,6,19.5,8.92,1.0,,2.0,,
1136602,1,335975,Delhi Daredevils,187,5,20.0,9.35,2.0,,1.0,,
1136602,2,628333,Sunrisers Hyderabad,191,1,18.5,10.14,1.0,,1.0,,
1136601,1,335978,Mumbai Indians,210,6,20.0,10.5,,1.0,4.0,2.0,
1136601,2,335971,Kolkata Knight Riders,108,10,18.1,5.94,1.0,,,,
1136600,1,335977,Rajasthan Royals,158,8,20.0,7.9,,1.0,1.0,1.0,
1136600,2,335973,Kings XI Punjab,143,7,20.0,7.15,1.0,1.0,1.0,4.0,
1136599,1,628333,Sunrisers Hyderabad,146,10,20.0,7.3,3.0,1.0,5.0,,
1136599,2,335970,Royal Challengers Bangalore,141,6,20.0,7.05,2.0,,3.0,,
1136598,1,335977,Rajasthan Royals,152,9,20.0,7.6,3.0,,1.0,4.0,
1136598,2,335973,Kings XI Punjab,155,4,18.4,8.3,,,3.0,,
1136597,1,335978,Mumbai Indians,181,4,20.0,9.05,1.0,,5.0,,
1136597,2,335971,Kolkata Knight Riders,168,6,20.0,8.4,4.0,,1.0,4.0,
1136596,1,335975,Delhi Daredevils,163,5,20.0,8.15,1.0,,2.0,,
1136596,2,628333,Sunrisers Hyderabad,164,3,19.5,8.26,,1.0,5.0,,
1136595,1,335970,Royal Challengers Bangalore,127,9,20.0,6.35,3.0,,1.0,,
1136595,2,335974,Chennai Super Kings,128,4,18.0,7.11,3.0,1.0,3.0,,
1136594,1,335973,Kings XI Punjab,174,6,20.0,8.7,5.0,,5.0,,
1136594,2,335978,Mumbai Indians,176,4,19.0,9.26,4.0,,2.0,,
1136593,1,335974,Chennai Super Kings,177,5,20.0,8.85,,,3.0,4.0,
1136593,2,335971,Kolkata Knight Riders,180,4,17.4,10.18,1.0,,11.0,,
1136592,1,335975,Delhi Daredevils,196,6,17.1,11.41,1.0,,6.0,,
1136592,2,335977,Rajasthan Royals,146,5,12.0,12.16,1.0,,3.0,,
1136591,1,335970,Royal Challengers Bangalore,167,7,20.0,8.35,2.0,2.0,1.0,1.0,
1136591,2,335978,Mumbai Indians,153,7,20.0,7.65,4.0,,18.0,1.0,
1136590,1,335974,Chennai Super Kings,211,4,20.0,10.55,2.0,1.0,3.0,1.0,
1136590,2,335975,Delhi Daredevils,198,5,20.0,9.9,2.0,,6.0,,
1136589,1,335970,Royal Challengers Bangalore,175,4,20.0,8.75,4.0,,5.0,1.0,
1136589,2,335971,Kolkata Knight Riders,176,4,19.1,9.18,,,7.0,1.0,
1136588,1,628333,Sunrisers Hyderabad,151,7,20.0,7.55,,,,1.0,
1136588,2,335977,Rajasthan Royals,140,6,20.0,7.0,1.0,,,,
1136587,1,335974,Chennai Super Kings,169,5,20.0,8.45,3.0,,4.0,,
1136587,2,335978,Mumbai Indians,170,2,19.4,8.64,1.0,,5.0,4.0,
1136586,1,335975,Delhi Daredevils,219,4,20.0,10.95,1.0,1.0,2.0,,
1136586,2,335971,Kolkata Knight Riders,164,9,20.0,8.2,1.0,,3.0,,
1136585,1,628333,Sunrisers Hyderabad,132,6,20.0,6.6,1.0,1.0,5.0,1.0,
1136585,2,335973,Kings XI Punjab,119,10,19.2,6.15,1.0,,,1.0,
1136584,1,335970,Royal Challengers Bangalore,205,8,20.0,10.25,,,4.0,4.0,
1136584,2,335974,Chennai Super Kings,207,5,19.4,10.52,2.0,1.0,8.0,,
1136583,1,628333,Sunrisers Hyderabad,118,10,18.4,6.32,,,8.0,4.0,
1136583,2,335978,Mumbai Indians,87,10,18.5,4.61,1.0,,1.0,,
1136582,1,335973,Kings XI Punjab,143,8,20.0,7.15,8.0,,5.0,1.0,
1136582,2,335975,Delhi Daredevils,139,8,20.0,6.95,2.0,,7.0,,
1136581,1,335978,Mumbai Indians,167,7,20.0,8.35,1.0,1.0,3.0,,
1136581,2,335977,Rajasthan Royals,168,7,19.4,8.54,,2.0,4.0,,
1136580,1,335974,Chennai Super Kings,182,3,20.0,9.1,,,4.0,,
1136580,2,628333,Sunrisers Hyderabad,178,6,20.0,8.9,,,2.0,,
1136579,1,335975,Delhi Daredevils,174,5,20.0,8.7,9.0,,3.0,,
1136579,2,335970,Royal Challengers Bangalore,176,4,18.0,9.77,1.0,,3.0,,
1136578,1,335971,Kolkata Knight Riders,191,7,20.0,9.55,1.0,1.0,7.0,,
1136578,2,335973,Kings XI Punjab,126,1,11.1,11.28,,,2.0,,
1136577,1,335974,Chennai Super Kings,204,5,20.0,10.2,,1.0,5.0,,
1136577,2,335977,Rajasthan Royals,140,10,18.3,7.56,,,8.0,,
1136576,1,335973,Kings XI Punjab,193,3,20.0,9.65,5.0,,3.0,,
1136576,2,628333,Sunrisers Hyderabad,178,4,20.0,8.9,2.0,1.0,10.0,,
1136575,1,335977,Rajasthan Royals,160,8,20.0,8.0,1.0,1.0,3.0,,
1136575,2,335971,Kolkata Knight Riders,163,3,18.5,8.65,1.0,,2.0,,
1136574,1,335978,Mumbai Indians,213,6,20.0,10.65,1.0,,16.0,,
1136574,2,335970,Royal Challengers Bangalore,167,8,20.0,8.35,2.0,1.0,3.0,1.0,
1136573,1,335971,Kolkata Knight Riders,200,9,20.0,10.0,4.0,,2.0,,
1136573,2,335975,Delhi Daredevils,129,10,14.2,9.0,3.0,,5.0,,
1136572,1,335973,Kings XI Punjab,197,7,20.0,9.85,,,1.0,,
1136572,2,335974,Chennai Super Kings,193,5,20.0,9.65,2.0,,11.0,,
1136571,1,335977,Rajasthan Royals,217,4,20.0,10.85,2.0,2.0,6.0,4.0,
1136571,2,335970,Royal Challengers Bangalore,198,6,20.0,9.9,1.0,,3.0,2.0,
1136570,1,335971,Kolkata Knight Riders,138,8,20.0,6.9,2.0,2.0,3.0,,
1136570,2,628333,Sunrisers Hyderabad,139,5,19.0,7.31,,,5.0,,
1136569,1,335978,Mumbai Indians,194,7,20.0,9.7,5.0,,5.0,,
1136569,2,335975,Delhi Daredevils,195,3,20.0,9.75,1.0,,1.0,,
1136568,1,335973,Kings XI Punjab,155,10,19.2,8.01,3.0,,3.0,,
1136568,2,335970,Royal Challengers Bangalore,159,6,19.3,8.15,3.0,,1.0,,
1136567,1,335978,Mumbai Indians,147,8,20.0,7.35,4.0,1.0,3.0,,
1136567,2,628333,Sunrisers Hyderabad,151,9,20.0,7.55,3.0,,1.0,,
1136566,1,335977,Rajasthan Royals,153,5,17.5,8.57,1.0,,2.0,,
1136566,2,335975,Delhi Daredevils,60,4,6.0,10.0,2.0,,1.0,,
1136565,1,335971,Kolkata Knight Riders,202,6,20.0,10.1,1.0,,3.0,1.0,
1136565,2,335974,Chennai Super Kings,205,5,19.5,10.33,3.0,1.0,3.0,,
1136564,1,335977,Rajasthan Royals,125,9,20.0,6.25,3.0,,5.0,,
1136564,2,628333,Sunrisers Hyderabad,127,1,15.5,8.02,,1.0,3.0,4.0,
1136563,1,335970,Royal Challengers Bangalore,176,7,20.0,8.8,1.0,,5.0,,
1136563,2,335971,Kolkata Knight Riders,177,6,18.5,9.39,3.0,,10.0,,
1136562,1,335975,Delhi Daredevils,166,7,20.0,8.3,1.0,1.0,3.0,1.0,
1136562,2,335973,Kings XI Punjab,167,4,18.5,8.86,,1.0,,,
1136561,1,335978,Mumbai Indians,165,4,20.0,8.25,2.0,,2.0,,
1136561,2,335974,Chennai Super Kings,169,9,19.5,8.52,2.0,1.0,4.0,,
1082650,1,335978,Mumbai Indians,129,8,20.0,6.45,2.0,,5.0,1.0,
1082650,2,968721,Rising Pune Supergiant,128,6,20.0,6.4,5.0,,3.0,1.0,
1082649,1,335971,Kolkata Knight Riders,107,10,18.5,5.68,3.0,,4.0,,
1082649,2,335978,Mumbai Indians,111,4,14.3,7.65,4.0,,4.0,,
1082648,1,628333,Sunrisers Hyderabad,128,7,20.0,6.4,3.0,,4.0,,
1082648,2,335971,Kolkata Knight Riders,48,3,5.2,9.0,1.0,,3.0,,
1082647,1,968721,Rising Pune Supergiant,162,4,20.0,8.1,2.0,1.0,4.0,,
1082647,2,335978,Mumbai Indians,142,9,20.0,7.1,2.0,,7.0,,
1082646,1,335970,Royal Challengers Bangalore,161,6,20.0,8.05,2.0,,7.0,,
1082646,2,335975,Delhi Daredevils,151,10,20.0,7.55,1.0,1.0,1.0,4.0,
1082645,1,335973,Kings XI Punjab,73,10,15.5,4.61,,,3.0,,
1082645,2,968721,Rising Pune Supergiant,78,1,12.0,6.5,,,1.0,,
1082644,1,335978,Mumbai Indians,173,5,20.0,8.65,11.0,,6.0,,
1082644,2,335971,Kolkata Knight Riders,164,8,20.0,8.2,2.0,1.0,5.0,,
1082643,1,968725,Gujarat Lions,154,10,19.2,7.96,3.0,,2.0,1.0,
1082643,2,628333,Sunrisers Hyderabad,158,2,18.1,8.69,3.0,,1.0,,
1082642,1,335975,Delhi Daredevils,168,8,20.0,8.4,3.0,,4.0,,
1082642,2,968721,Rising Pune Supergiant,161,7,20.0,8.05,5.0,,5.0,,
1082641,1,335973,Kings XI Punjab,230,3,20.0,11.5,1.0,3.0,6.0,,
1082641,2,335978,Mumbai Indians,223,6,20.0,11.15,2.0,1.0,5.0,,
1082640,1,968725,Gujarat Lions,195,5,20.0,9.75,7.0,,4.0,,
1082640,2,335975,Delhi Daredevils,197,8,19.4,10.01,2.0,,1.0,,
1082639,1,335973,Kings XI Punjab,167,6,20.0,8.35,4.0,,6.0,2.0,
1082639,2,335971,Kolkata Knight Riders,153,6,20.0,7.65,2.0,,2.0,,
1082638,1,335978,Mumbai Indians,138,7,20.0,6.9,1.0,,7.0,2.0,
1082638,2,628333,Sunrisers Hyderabad,140,3,18.2,7.63,2.0,,2.0,,
1082637,1,335973,Kings XI Punjab,189,3,20.0,9.45,,,3.0,,
1082637,2,968725,Gujarat Lions,192,4,19.4,9.76,3.0,1.0,2.0,,
1082636,1,335970,Royal Challengers Bangalore,158,6,20.0,7.9,1.0,,2.0,,
1082636,2,335971,Kolkata Knight Riders,159,4,15.1,10.48,3.0,,3.0,,
1082635,1,335978,Mumbai Indians,212,3,20.0,10.6,9.0,,10.0,,
1082635,2,335975,Delhi Daredevils,66,10,13.4,4.82,1.0,,1.0,1.0,
1082634,1,968721,Rising Pune Supergiant,148,8,20.0,7.4,2.0,,4.0,1.0,
1082634,2,628333,Sunrisers Hyderabad,136,9,20.0,6.8,,,2.0,,
1082633,1,335973,Kings XI Punjab,138,7,20.0,6.9,1.0,,3.0,8.0,
1082633,2,335970,Royal Challengers Bangalore,119,10,19.0,6.26,4.0,,3.0,,
1082632,1,968725,Gujarat Lions,208,7,20.0,10.4,1.0,,4.0,,
1082632,2,335975,Delhi Daredevils,214,3,17.3,12.22,6.0,,5.0,1.0,
1082631,1,335971,Kolkata Knight Riders,155,8,20.0,7.75,5.0,,,,
1082631,2,968721,Rising Pune Supergiant,158,6,19.2,8.17,2.0,,2.0,4.0,
1082630,1,628333,Sunrisers Hyderabad,185,3,20.0,9.25,5.0,1.0,2.0,,
1082630,2,335975,Delhi Daredevils,189,4,19.1,9.86,1.0,,2.0,,
1082629,1,968725,Gujarat Lions,161,10,19.5,8.11,5.0,,2.0,,
1082629,2,968721,Rising Pune Supergiant,167,5,19.5,8.42,3.0,,4.0,,
1082628,1,335970,Royal Challengers Bangalore,162,8,20.0,8.1,2.0,,2.0,,
1082628,2,335978,Mumbai Indians,165,5,19.5,8.31,2.0,,5.0,,
1082627,1,628333,Sunrisers Hyderabad,209,3,20.0,10.45,2.0,,6.0,,
1082627,2,335971,Kolkata Knight Riders,161,7,20.0,8.05,1.0,,4.0,,
1082626,1,335975,Delhi Daredevils,67,10,17.1,3.9,,,5.0,,
1082626,2,335973,Kings XI Punjab,68,0,7.5,8.68,,,2.0,,
1082625,1,968725,Gujarat Lions,153,9,20.0,7.65,1.0,3.0,7.0,,
1082625,2,335978,Mumbai Indians,153,10,20.0,7.65,,,1.0,,
1082624,1,968721,Rising Pune Supergiant,157,3,20.0,7.85,1.0,,3.0,,
1082624,2,335970,Royal Challengers Bangalore,96,9,20.0,4.8,2.0,,2.0,,
1082623,1,628333,Sunrisers Hyderabad,207,3,20.0,10.35,1.0,,2.0,,
1082623,2,335973,Kings XI Punjab,181,9,20.0,9.05,4.0,1.0,,,
1082622,1,335975,Delhi Daredevils,160,6,20.0,8.0,1.0,,6.0,,
1082622,2,335971,Kolkata Knight Riders,161,3,16.2,9.85,5.0,,1.0,4.0,
1082621,1,335970,Royal Challengers Bangalore,134,10,20.0,6.7,9.0,,3.0,,
1082621,2,968725,Gujarat Lions,135,3,13.5,9.75,2.0,2.0,4.0,,
1082620,1,968721,Rising Pune Supergiant,182,5,20.0,9.1,1.0,,6.0,,
1082620,2,335971,Kolkata Knight Riders,184,3,18.1,10.12,4.0,,9.0,,
1082618,1,968721,Rising Pune Supergiant,160,6,20.0,8.0,1.0,,2.0,1.0,
1082618,2,335978,Mumbai Indians,157,8,20.0,7.85,3.0,,3.0,,
1082617,1,335971,Kolkata Knight Riders,131,10,19.3,6.71,,,8.0,,
1082617,2,335970,Royal Challengers Bangalore,49,10,9.4,5.06,3.0,2.0,2.0,,
1082616,1,335973,Kings XI Punjab,188,7,20.0,9.4,3.0,,1.0,1.0,
1082616,2,968725,Gujarat Lions,162,7,20.0,8.1,2.0,,4.0,1.0,
1082614,1,335978,Mumbai Indians,142,8,20.0,7.1,5.0,1.0,10.0,,
1082614,2,335975,Delhi Daredevils,128,7,20.0,6.4,1.0,,5.0,2.0,
1082615,1,628333,Sunrisers Hyderabad,176,3,20.0,8.8,4.0,1.0,3.0,,
1082615,2,968721,Rising Pune Supergiant,179,4,20.0,8.95,2.0,,1.0,,
1082613,1,335971,Kolkata Knight Riders,187,5,20.0,9.35,2.0,,1.0,,
1082613,2,968725,Gujarat Lions,188,6,18.2,10.25,4.0,1.0,,,
1082612,1,335973,Kings XI Punjab,198,4,20.0,9.9,5.0,2.0,5.0,,
1082612,2,335978,Mumbai Indians,199,2,15.3,12.83,3.0,,5.0,,
1082611,1,628333,Sunrisers Hyderabad,191,4,20.0,9.55,1.0,2.0,1.0,,
1082611,2,335975,Delhi Daredevils,176,5,20.0,8.8,2.0,,2.0,3.0,
1082610,1,335970,Royal Challengers Bangalore,213,2,20.0,10.65,1.0,,3.0,,
1082610,2,968725,Gujarat Lions,192,7,20.0,9.6,2.0,,6.0,,
1082609,1,628333,Sunrisers Hyderabad,159,6,20.0,7.95,4.0,,6.0,1.0,
1082609,2,335973,Kings XI Punjab,154,10,19.4,7.83,4.0,1.0,5.0,,
1082608,1,335975,Delhi Daredevils,168,7,20.0,8.4,,,2.0,1.0,
1082608,2,335971,Kolkata Knight Riders,169,6,19.5,8.52,3.0,,8.0,,
1082607,1,968721,Rising Pune Supergiant,161,8,20.0,8.05,5.0,,7.0,1.0,
1082607,2,335970,Royal Challengers Bangalore,134,9,20.0,6.7,2.0,,5.0,1.0,
1082606,1,968725,Gujarat Lions,176,4,20.0,8.8,1.0,2.0,8.0,,
1082606,2,335978,Mumbai Indians,177,4,19.3,9.07,3.0,,10.0,,
1082605,1,335975,Delhi Daredevils,188,6,20.0,9.4,2.0,4.0,4.0,,
1082605,2,335973,Kings XI Punjab,137,9,20.0,6.85,1.0,,1.0,,
1082604,1,335971,Kolkata Knight Riders,172,6,20.0,8.6,1.0,,10.0,,
1082604,2,628333,Sunrisers Hyderabad,155,6,20.0,7.75,1.0,,4.0,2.0,
1082603,1,968721,Rising Pune Supergiant,171,8,20.0,8.55,1.0,,4.0,,
1082603,2,968725,Gujarat Lions,172,3,18.0,9.55,1.0,,4.0,,
1082602,1,335970,Royal Challengers Bangalore,142,5,20.0,7.1,3.0,1.0,3.0,4.0,
1082602,2,335978,Mumbai Indians,145,6,18.5,7.69,6.0,,7.0,,
1082601,1,335973,Kings XI Punjab,170,9,20.0,8.5,1.0,2.0,13.0,,
1082601,2,335971,Kolkata Knight Riders,171,2,16.3,10.36,6.0,,5.0,,
1082600,1,628333,Sunrisers Hyderabad,158,8,20.0,7.9,5.0,1.0,5.0,,
1082600,2,335978,Mumbai Indians,159,6,18.4,8.51,3.0,,1.0,,
1082599,1,335975,Delhi Daredevils,205,4,20.0,10.25,3.0,,5.0,,
1082599,2,968721,Rising Pune Supergiant,108,10,16.1,6.68,1.0,,4.0,,
1082598,1,335970,Royal Challengers Bangalore,148,4,20.0,7.4,1.0,,3.0,,
1082598,2,335973,Kings XI Punjab,150,2,14.3,10.34,4.0,,2.0,,
1082597,1,335971,Kolkata Knight Riders,178,7,20.0,8.9,1.0,3.0,5.0,,
1082597,2,335978,Mumbai Indians,180,6,19.5,9.07,5.0,,7.0,,
1082596,1,968725,Gujarat Lions,135,7,20.0,6.75,2.0,,,1.0,
1082596,2,628333,Sunrisers Hyderabad,140,1,15.3,9.03,,,3.0,,
1082595,1,335970,Royal Challengers Bangalore,157,8,20.0,7.85,2.0,,4.0,,
1082595,2,335975,Delhi Daredevils,142,9,20.0,7.1,1.0,,4.0,,
1082594,1,968721,Rising Pune Supergiant,163,6,20.0,8.15,1.0,,5.0,,
1082594,2,335973,Kings XI Punjab,164,4,19.0,8.63,1.0,,9.0,,
1082593,1,968725,Gujarat Lions,183,4,20.0,9.15,2.0,,2.0,,
1082593,2,335971,Kolkata Knight Riders,184,0,14.5,12.4,,,11.0,4.0,
1082592,1,335978,Mumbai Indians,184,8,20.0,9.2,1.0,,6.0,1.0,
1082592,2,968721,Rising Pune Supergiant,187,3,19.5,9.42,1.0,,3.0,,
1082591,1,628333,Sunrisers Hyderabad,207,4,20.0,10.35,1.0,1.0,5.0,,
1082591,2,335970,Royal Challengers Bangalore,172,10,19.4,8.74,1.0,1.0,4.0,,
981019,1,628333,Sunrisers Hyderabad,208,7,20.0,10.4,2.0,,11.0,1.0,
981019,2,335970,Royal Challengers Bangalore,200,7,20.0,10.0,5.0,,4.0,,
981017,1,968725,Gujarat Lions,162,7,20.0,8.1,,,5.0,,
981017,2,628333,Sunrisers Hyderabad,163,6,19.2,8.43,1.0,,1.0,,
981015,1,628333,Sunrisers Hyderabad,162,8,20.0,8.1,1.0,,4.0,1.0,
981015,2,335971,Kolkata Knight Riders,140,8,20.0,7.0,9.0,,,,
981013,1,968725,Gujarat Lions,158,10,20.0,7.9,6.0,,5.0,,
981013,2,335970,Royal Challengers Bangalore,159,6,18.2,8.67,7.0,1.0,8.0,,
981011,1,335975,Delhi Daredevils,138,8,20.0,6.9,1.0,1.0,4.0,,
981011,2,335970,Royal Challengers Bangalore,139,4,18.1,7.65,,,10.0,,
981009,1,335971,Kolkata Knight Riders,171,6,20.0,8.55,1.0,,3.0,,
981009,2,628333,Sunrisers Hyderabad,149,8,20.0,7.45,6.0,1.0,3.0,1.0,
981007,1,335978,Mumbai Indians,172,8,20.0,8.6,3.0,1.0,4.0,,
981007,2,968725,Gujarat Lions,173,4,17.5,9.7,2.0,,4.0,,
981005,1,335973,Kings XI Punjab,172,7,20.0,8.6,1.0,,3.0,,
981005,2,968721,Rising Pune Supergiant,173,6,20.0,8.65,1.0,,7.0,,
981003,1,628333,Sunrisers Hyderabad,158,7,20.0,7.9,1.0,,1.0,1.0,
981003,2,335975,Delhi Daredevils,161,4,20.0,8.05,4.0,,10.0,,
981001,1,335971,Kolkata Knight Riders,124,8,20.0,6.2,2.0,,5.0,,
981001,2,968725,Gujarat Lions,125,4,13.3,9.25,1.0,,16.0,,
980999,1,335970,Royal Challengers Bangalore,211,3,15.0,14.06,,2.0,6.0,,
980999,2,335973,Kings XI Punjab,120,9,14.0,8.57,1.0,,5.0,,
980997,1,335975,Delhi Daredevils,121,6,20.0,6.05,,,2.0,,
980997,2,968721,Rising Pune Supergiant,76,1,11.0,6.9,2.0,1.0,4.0,,
980995,1,335971,Kolkata Knight Riders,183,5,20.0,9.15,6.0,,6.0,,
980995,2,335970,Royal Challengers Bangalore,186,1,18.4,9.96,1.0,1.0,1.0,,
980993,1,335978,Mumbai Indians,206,4,20.0,10.3,2.0,,1.0,4.0,
980993,2,335975,Delhi Daredevils,126,10,19.1,6.57,1.0,,1.0,1.0,
980991,1,335973,Kings XI Punjab,179,4,20.0,8.95,3.0,,,,
980991,2,628333,Sunrisers Hyderabad,180,3,19.4,9.15,4.0,2.0,3.0,,
980989,1,968721,Rising Pune Supergiant,103,6,17.4,5.83,4.0,1.0,1.0,,
980989,2,335971,Kolkata Knight Riders,66,2,5.0,13.2,1.0,,8.0,1.0,
980987,1,335970,Royal Challengers Bangalore,248,3,20.0,12.4,1.0,1.0,1.0,1.0,
980987,2,968725,Gujarat Lions,104,10,18.4,5.57,3.0,3.0,5.0,1.0,
980985,1,335978,Mumbai Indians,124,9,20.0,6.2,6.0,,2.0,,
980985,2,335973,Kings XI Punjab,127,3,17.0,7.47,3.0,,4.0,4.0,
980983,1,628333,Sunrisers Hyderabad,146,8,20.0,7.3,6.0,2.0,3.0,,
980983,2,335975,Delhi Daredevils,150,3,18.1,8.25,,,3.0,,
980981,1,335970,Royal Challengers Bangalore,151,4,20.0,7.55,5.0,,2.0,,
980981,2,335978,Mumbai Indians,153,4,18.4,8.19,,2.0,8.0,,
980979,1,628333,Sunrisers Hyderabad,137,8,20.0,6.85,1.0,,4.0,,
980979,2,968721,Rising Pune Supergiant,133,8,20.0,6.65,2.0,,1.0,,
980977,1,335970,Royal Challengers Bangalore,175,6,20.0,8.75,,,4.0,,
980977,2,335973,Kings XI Punjab,174,4,20.0,8.7,3.0,,2.0,,
980975,1,335971,Kolkata Knight Riders,158,4,20.0,7.9,2.0,,4.0,,
980975,2,968725,Gujarat Lions,164,5,18.0,9.11,,,5.0,,
980973,1,628333,Sunrisers Hyderabad,177,3,20.0,8.85,2.0,,3.0,,
980973,2,335978,Mumbai Indians,92,10,16.3,5.57,2.0,,4.0,,
980971,1,335973,Kings XI Punjab,181,5,20.0,9.05,5.0,,3.0,,
980971,2,335975,Delhi Daredevils,172,5,20.0,8.6,6.0,,3.0,,
980969,1,968721,Rising Pune Supergiant,191,6,20.0,9.55,1.0,,6.0,,
980969,2,335970,Royal Challengers Bangalore,195,3,19.3,10.0,5.0,1.0,,,
980967,1,968725,Gujarat Lions,126,6,20.0,6.3,,,5.0,,
980967,2,628333,Sunrisers Hyderabad,129,5,19.0,6.78,3.0,,3.0,,
980965,1,335975,Delhi Daredevils,162,7,20.0,8.1,1.0,1.0,6.0,,
980965,2,968721,Rising Pune Supergiant,166,3,19.1,8.66,1.0,3.0,7.0,,
980963,1,335971,Kolkata Knight Riders,164,3,20.0,8.2,2.0,,3.0,,
980963,2,335973,Kings XI Punjab,157,9,20.0,7.85,4.0,,4.0,4.0,
980961,1,968725,Gujarat Lions,149,7,20.0,7.45,3.0,,3.0,,
980961,2,335975,Delhi Daredevils,150,2,17.2,8.65,1.0,1.0,1.0,,
980959,1,335970,Royal Challengers Bangalore,185,7,20.0,9.25,,2.0,2.0,,
980959,2,335971,Kolkata Knight Riders,189,5,19.1,9.86,2.0,,13.0,4.0,
980957,1,968721,Rising Pune Supergiant,159,5,20.0,7.95,1.0,,7.0,,
980957,2,335978,Mumbai Indians,161,2,18.3,8.7,4.0,,2.0,,
980955,1,335973,Kings XI Punjab,154,10,19.5,7.76,1.0,,3.0,,
980955,2,968725,Gujarat Lions,131,9,20.0,6.55,,,3.0,1.0,
980953,1,628333,Sunrisers Hyderabad,194,5,20.0,9.7,1.0,1.0,3.0,,
980953,2,335970,Royal Challengers Bangalore,179,6,20.0,8.95,,,2.0,1.0,
980951,1,335975,Delhi Daredevils,186,8,20.0,9.3,6.0,1.0,2.0,1.0,
980951,2,335971,Kolkata Knight Riders,159,10,18.3,8.59,3.0,6.0,4.0,,
980949,1,968721,Rising Pune Supergiant,195,3,20.0,9.75,2.0,1.0,4.0,,
980949,2,968725,Gujarat Lions,196,7,20.0,9.8,,,7.0,,
980947,1,335971,Kolkata Knight Riders,174,5,20.0,8.7,1.0,,,,
980947,2,335978,Mumbai Indians,178,4,18.0,9.88,,,5.0,,
980945,1,968725,Gujarat Lions,172,6,20.0,8.6,2.0,,1.0,,
980945,2,335975,Delhi Daredevils,171,5,20.0,8.55,2.0,,1.0,,
980943,1,628333,Sunrisers Hyderabad,118,8,20.0,5.9,5.0,,3.0,,
980943,2,968721,Rising Pune Supergiant,94,3,11.0,8.54,2.0,,11.0,,
980941,1,335978,Mumbai Indians,189,6,20.0,9.45,1.0,1.0,3.0,,
980941,2,335973,Kings XI Punjab,164,7,20.0,8.2,2.0,1.0,2.0,,
980939,1,968721,Rising Pune Supergiant,160,5,20.0,8.0,2.0,,,4.0,
980939,2,335971,Kolkata Knight Riders,162,8,19.3,8.3,,,10.0,,
980937,1,335970,Royal Challengers Bangalore,180,2,20.0,9.0,,,2.0,1.0,
980937,2,968725,Gujarat Lions,182,4,19.3,9.33,3.0,2.0,9.0,,
980935,1,335973,Kings XI Punjab,143,6,20.0,7.15,1.0,,4.0,,
980935,2,628333,Sunrisers Hyderabad,146,5,17.5,8.18,,,5.0,,
980933,1,335975,Delhi Daredevils,164,4,20.0,8.2,3.0,1.0,8.0,,
980933,2,335978,Mumbai Indians,154,7,20.0,7.7,1.0,,2.0,,
980931,1,335970,Royal Challengers Bangalore,185,3,20.0,9.25,,1.0,11.0,,
980931,2,968721,Rising Pune Supergiant,172,8,20.0,8.6,,,6.0,1.0,
980929,1,968725,Gujarat Lions,135,8,20.0,6.75,2.0,,3.0,,
980929,2,628333,Sunrisers Hyderabad,137,0,14.5,9.23,1.0,,9.0,,
980927,1,335970,Royal Challengers Bangalore,170,7,20.0,8.5,2.0,,10.0,1.0,
980927,2,335978,Mumbai Indians,171,4,18.0,9.5,1.0,1.0,2.0,,
980925,1,335973,Kings XI Punjab,138,8,20.0,6.9,2.0,,5.0,,
980925,2,335971,Kolkata Knight Riders,141,4,17.1,8.21,5.0,,3.0,,
980923,1,335978,Mumbai Indians,142,6,20.0,7.1,2.0,,6.0,,
980923,2,628333,Sunrisers Hyderabad,145,3,17.3,8.28,2.0,1.0,2.0,,
980921,1,335970,Royal Challengers Bangalore,191,5,20.0,9.55,8.0,,1.0,,
980921,2,335975,Delhi Daredevils,192,3,19.1,10.01,3.0,1.0,10.0,,
980919,1,968721,Rising Pune Supergiant,152,7,20.0,7.6,8.0,,3.0,,
980919,2,335973,Kings XI Punjab,153,4,18.4,8.19,,,2.0,,
980917,1,335978,Mumbai Indians,143,8,20.0,7.15,2.0,2.0,6.0,,
980917,2,968725,Gujarat Lions,147,7,20.0,7.35,7.0,1.0,3.0,,
980915,1,628333,Sunrisers Hyderabad,142,7,20.0,7.1,2.0,1.0,4.0,1.0,
980915,2,335971,Kolkata Knight Riders,146,2,18.2,7.96,,,5.0,,
980913,1,335973,Kings XI Punjab,111,9,20.0,5.55,1.0,,3.0,,
980913,2,335975,Delhi Daredevils,113,2,13.3,8.37,2.0,,4.0,4.0,
980911,1,968721,Rising Pune Supergiant,163,5,20.0,8.15,1.0,,,1.0,
980911,2,968725,Gujarat Lions,164,3,18.0,9.11,5.0,1.0,7.0,2.0,
980909,1,335971,Kolkata Knight Riders,187,5,20.0,9.35,3.0,,7.0,,
980909,2,335978,Mumbai Indians,188,4,19.1,9.8,1.0,,8.0,1.0,
980907,1,335970,Royal Challengers Bangalore,227,4,20.0,11.35,2.0,1.0,4.0,,
980907,2,628333,Sunrisers Hyderabad,182,6,20.0,9.1,1.0,,9.0,1.0,
980905,1,335973,Kings XI Punjab,161,6,20.0,8.05,2.0,,4.0,1.0,
980905,2,968725,Gujarat Lions,162,5,17.4,9.16,3.0,,3.0,,
980903,1,335975,Delhi Daredevils,98,10,17.4,5.54,,,12.0,,
980903,2,335971,Kolkata Knight Riders,99,1,14.1,6.98,,1.0,8.0,2.0,
980901,1,335978,Mumbai Indians,121,8,20.0,6.05,1.0,,12.0,,
980901,2,968721,Rising Pune Supergiant,126,1,14.4,8.59,1.0,1.0,3.0,,
829823,1,335978,Mumbai Indians,202,5,20.0,10.1,4.0,1.0,,1.0,
829823,2,335974,Chennai Super Kings,161,8,20.0,8.05,2.0,2.0,3.0,,
829821,1,335970,Royal Challengers Bangalore,139,8,20.0,6.95,2.0,,5.0,,
829821,2,335974,Chennai Super Kings,140,7,19.5,7.05,1.0,,3.0,3.0,
829819,1,335970,Royal Challengers Bangalore,180,4,20.0,9.0,3.0,,5.0,4.0,
829819,2,335977,Rajasthan Royals,109,10,19.0,5.73,,,3.0,,
829817,1,335978,Mumbai Indians,187,6,20.0,9.35,,1.0,8.0,,
829817,2,335974,Chennai Super Kings,162,10,19.0,8.52,1.0,,7.0,,
829815,1,628333,Sunrisers Hyderabad,113,10,20.0,5.65,2.0,,4.0,,
829815,2,335978,Mumbai Indians,114,1,13.5,8.24,2.0,,5.0,1.0,
829811,1,335977,Rajasthan Royals,199,6,20.0,9.95,4.0,2.0,4.0,,
829811,2,335971,Kolkata Knight Riders,190,9,20.0,9.5,3.0,5.0,18.0,,
829809,1,335973,Kings XI Punjab,130,7,20.0,6.5,2.0,,3.0,4.0,
829809,2,335974,Chennai Super Kings,134,3,16.5,7.96,,,6.0,,
829807,1,628333,Sunrisers Hyderabad,135,3,11.0,12.27,2.0,2.0,3.0,,
829807,2,335970,Royal Challengers Bangalore,83,4,5.5,14.22,,,1.0,,
829805,1,335978,Mumbai Indians,171,4,20.0,8.55,1.0,3.0,6.0,,
829805,2,335971,Kolkata Knight Riders,166,7,20.0,8.3,,,7.0,1.0,
829803,1,335973,Kings XI Punjab,106,6,10.0,10.6,1.0,,3.0,,
829803,2,335970,Royal Challengers Bangalore,84,6,10.0,8.4,5.0,1.0,2.0,,
829801,1,335974,Chennai Super Kings,119,6,20.0,5.95,7.0,,,,
829801,2,335975,Delhi Daredevils,120,4,16.4,7.2,,,,,
829799,1,628333,Sunrisers Hyderabad,185,5,20.0,9.25,,1.0,3.0,1.0,
829799,2,335973,Kings XI Punjab,180,7,20.0,9.0,3.0,,4.0,,
829797,1,335974,Chennai Super Kings,157,5,20.0,7.85,1.0,,7.0,,
829797,2,335977,Rajasthan Royals,145,9,20.0,7.25,2.0,2.0,2.0,,
829795,1,335970,Royal Challengers Bangalore,235,1,20.0,11.75,,1.0,6.0,,
829795,2,335978,Mumbai Indians,196,7,20.0,9.8,1.0,,3.0,,
829793,1,628333,Sunrisers Hyderabad,163,4,20.0,8.15,1.0,,3.0,,
829793,2,335975,Delhi Daredevils,157,4,20.0,7.85,3.0,,1.0,,
829791,1,335973,Kings XI Punjab,183,5,20.0,9.15,3.0,,5.0,1.0,
829791,2,335971,Kolkata Knight Riders,184,9,19.5,9.27,3.0,,4.0,,
829789,1,335974,Chennai Super Kings,158,5,20.0,7.9,,,6.0,,
829789,2,335978,Mumbai Indians,159,4,19.2,8.22,,,1.0,1.0,
829761,1,335971,Kolkata Knight Riders,171,7,20.0,8.55,3.0,,9.0,,
829761,2,335975,Delhi Daredevils,158,6,20.0,7.9,2.0,,5.0,,
829787,1,628333,Sunrisers Hyderabad,201,4,20.0,10.05,5.0,,10.0,,
829787,2,335977,Rajasthan Royals,194,7,20.0,9.7,6.0,,1.0,,
829785,1,335970,Royal Challengers Bangalore,226,3,20.0,11.3,3.0,1.0,7.0,,
829785,2,335973,Kings XI Punjab,88,10,13.4,6.43,5.0,,4.0,,
829783,1,335975,Delhi Daredevils,152,6,20.0,7.6,2.0,,1.0,1.0,
829783,2,335978,Mumbai Indians,153,5,19.3,7.84,1.0,,8.0,,
829781,1,335971,Kolkata Knight Riders,167,7,20.0,8.35,6.0,,1.0,,
829781,2,628333,Sunrisers Hyderabad,132,9,20.0,6.6,,,4.0,,
829779,1,335974,Chennai Super Kings,148,9,20.0,7.4,,,5.0,,
829779,2,335970,Royal Challengers Bangalore,124,10,19.4,6.3,1.0,,1.0,,
829777,1,335977,Rajasthan Royals,189,2,20.0,9.45,1.0,,5.0,2.0,
829777,2,335975,Delhi Daredevils,175,7,20.0,8.75,1.0,,11.0,3.0,
829775,1,335978,Mumbai Indians,172,3,20.0,8.6,3.0,,2.0,,
829775,2,335973,Kings XI Punjab,149,7,20.0,7.45,9.0,,3.0,,
829773,1,628333,Sunrisers Hyderabad,192,7,20.0,9.6,1.0,1.0,3.0,,
829773,2,335974,Chennai Super Kings,170,6,20.0,8.5,3.0,,4.0,,
829771,1,335971,Kolkata Knight Riders,111,4,10.0,11.1,3.0,1.0,4.0,,
829771,2,335970,Royal Challengers Bangalore,115,3,9.4,11.89,,,4.0,,
829769,1,335978,Mumbai Indians,187,5,20.0,9.35,3.0,1.0,5.0,,
829769,2,335977,Rajasthan Royals,179,7,20.0,8.95,2.0,1.0,9.0,,
829767,1,335973,Kings XI Punjab,118,8,20.0,5.9,1.0,,7.0,,
829767,2,335975,Delhi Daredevils,119,1,13.5,8.6,2.0,1.0,5.0,,
829723,1,335974,Chennai Super Kings,165,9,20.0,8.25,13.0,,6.0,1.0,
829723,2,335971,Kolkata Knight Riders,169,3,19.5,8.52,5.0,,5.0,,
829765,1,335974,Chennai Super Kings,134,6,20.0,6.7,3.0,,9.0,,
829765,2,335971,Kolkata Knight Riders,132,9,20.0,6.6,2.0,,3.0,,
829759,1,628333,Sunrisers Hyderabad,150,6,20.0,7.5,1.0,,,,
829759,2,335973,Kings XI Punjab,130,9,20.0,6.5,2.0,,5.0,,
829757,1,335975,Delhi Daredevils,95,10,18.2,5.18,2.0,,6.0,,
829757,2,335970,Royal Challengers Bangalore,99,0,10.3,9.42,,,2.0,,
829753,1,335974,Chennai Super Kings,192,3,20.0,9.6,2.0,1.0,9.0,,
829753,2,335973,Kings XI Punjab,95,9,20.0,4.75,3.0,,5.0,,
829751,1,335978,Mumbai Indians,157,8,20.0,7.85,1.0,,9.0,,
829751,2,628333,Sunrisers Hyderabad,137,8,20.0,6.85,2.0,1.0,2.0,,
829749,1,335977,Rajasthan Royals,130,9,20.0,6.5,1.0,,3.0,,
829749,2,335970,Royal Challengers Bangalore,134,1,16.1,8.28,5.0,,,,
829747,1,335975,Delhi Daredevils,190,4,20.0,9.5,1.0,1.0,6.0,,
829747,2,335978,Mumbai Indians,153,9,20.0,7.65,2.0,,9.0,,
829745,1,335974,Chennai Super Kings,181,8,20.0,9.05,6.0,,3.0,1.0,
829745,2,335970,Royal Challengers Bangalore,154,8,20.0,7.7,5.0,,1.0,,
829743,1,628333,Sunrisers Hyderabad,176,4,20.0,8.8,1.0,1.0,1.0,1.0,
829743,2,335971,Kolkata Knight Riders,101,4,12.0,8.41,,,3.0,,
829741,1,335977,Rajasthan Royals,191,6,20.0,9.55,3.0,1.0,6.0,,
829741,2,335973,Kings XI Punjab,191,6,20.0,9.55,4.0,,1.0,,
829739,1,335975,Delhi Daredevils,146,8,20.0,7.3,3.0,,10.0,,
829739,2,335971,Kolkata Knight Riders,147,4,18.1,8.09,4.0,,3.0,,
829737,1,335978,Mumbai Indians,209,7,20.0,10.45,4.0,,13.0,,
829737,2,335970,Royal Challengers Bangalore,191,7,20.0,9.55,1.0,2.0,13.0,,
829735,1,335974,Chennai Super Kings,156,4,20.0,7.8,2.0,,4.0,,
829735,2,335977,Rajasthan Royals,157,2,18.2,8.56,,,1.0,,
829733,1,335973,Kings XI Punjab,155,9,20.0,7.75,1.0,,3.0,9.0,
829733,2,335971,Kolkata Knight Riders,159,6,17.5,8.91,1.0,,1.0,,
829731,1,335975,Delhi Daredevils,167,4,20.0,8.35,2.0,,6.0,1.0,
829731,2,628333,Sunrisers Hyderabad,163,8,20.0,8.15,1.0,,1.0,2.0,
829729,1,335978,Mumbai Indians,183,7,20.0,9.15,1.0,,4.0,2.0,
829729,2,335974,Chennai Super Kings,189,4,16.4,11.34,,3.0,8.0,,
829727,1,628333,Sunrisers Hyderabad,127,5,20.0,6.35,,1.0,4.0,1.0,
829727,2,335977,Rajasthan Royals,131,4,20.0,6.55,2.0,,4.0,1.0,
829725,1,335973,Kings XI Punjab,165,7,20.0,8.25,2.0,,6.0,,
829725,2,335975,Delhi Daredevils,169,5,19.5,8.52,3.0,1.0,7.0,,
829721,1,335978,Mumbai Indians,164,5,20.0,8.2,2.0,1.0,,2.0,
829721,2,335977,Rajasthan Royals,165,3,19.1,8.6,,3.0,1.0,,
829719,1,335970,Royal Challengers Bangalore,166,10,19.5,8.36,4.0,,12.0,,
829719,2,628333,Sunrisers Hyderabad,172,2,17.2,9.92,5.0,2.0,9.0,,
829717,1,335973,Kings XI Punjab,177,5,20.0,8.85,2.0,,3.0,1.0,
829717,2,335978,Mumbai Indians,159,7,20.0,7.95,3.0,2.0,3.0,,
829715,1,335975,Delhi Daredevils,184,3,20.0,9.2,2.0,,7.0,,
829715,2,335977,Rajasthan Royals,186,7,20.0,9.3,1.0,,5.0,,
829713,1,335971,Kolkata Knight Riders,177,6,20.0,8.85,2.0,,3.0,1.0,
829713,2,335970,Royal Challengers Bangalore,179,7,19.0,9.42,7.0,,1.0,,
829711,1,335974,Chennai Super Kings,209,4,20.0,10.45,7.0,4.0,4.0,,
829711,2,628333,Sunrisers Hyderabad,164,6,20.0,8.2,7.0,,4.0,,
829709,1,335977,Rajasthan Royals,162,7,20.0,8.1,9.0,,12.0,,
829709,2,335973,Kings XI Punjab,136,8,20.0,6.8,2.0,,7.0,,
829707,1,335974,Chennai Super Kings,150,7,20.0,7.5,10.0,1.0,2.0,1.0,
829707,2,335975,Delhi Daredevils,149,9,20.0,7.45,,,5.0,,
829705,1,335978,Mumbai Indians,168,3,20.0,8.4,1.0,,2.0,,
829705,2,335971,Kolkata Knight Riders,170,3,18.3,9.18,2.0,,2.0,,
734049,1,335973,Kings XI Punjab,199,4,20.0,9.95,4.0,1.0,3.0,,
734049,2,335971,Kolkata Knight Riders,200,7,19.3,10.25,,,6.0,,
734047,1,335973,Kings XI Punjab,226,6,20.0,11.3,1.0,1.0,8.0,1.0,
734047,2,335974,Chennai Super Kings,202,7,20.0,10.1,4.0,2.0,6.0,4.0,
734045,1,335978,Mumbai Indians,173,8,20.0,8.65,2.0,,,,
734045,2,335974,Chennai Super Kings,176,3,18.4,9.42,3.0,1.0,5.0,,
734043,1,335971,Kolkata Knight Riders,163,8,20.0,8.15,4.0,,3.0,,
734043,2,335973,Kings XI Punjab,135,8,20.0,6.75,3.0,,2.0,,
734041,1,335977,Rajasthan Royals,189,4,20.0,9.45,2.0,,3.0,,
734041,2,335978,Mumbai Indians,195,5,14.4,13.29,3.0,,4.0,,
734039,1,335975,Delhi Daredevils,115,10,18.1,6.33,1.0,,6.0,,
734039,2,335973,Kings XI Punjab,119,3,13.5,8.6,5.0,,10.0,,
734037,1,628333,Sunrisers Hyderabad,160,7,20.0,8.0,13.0,,8.0,,
734037,2,335971,Kolkata Knight Riders,161,6,14.2,11.23,1.0,2.0,2.0,,
734035,1,335970,Royal Challengers Bangalore,154,6,20.0,7.7,2.0,,4.0,,
734035,2,335974,Chennai Super Kings,160,2,17.4,9.05,,,1.0,4.0,
734033,1,335973,Kings XI Punjab,179,4,20.0,8.95,7.0,1.0,3.0,3.0,
734033,2,335977,Rajasthan Royals,163,8,20.0,8.15,4.0,,3.0,,
734031,1,335978,Mumbai Indians,173,10,19.3,8.87,6.0,,3.0,,
734031,2,335975,Delhi Daredevils,158,4,20.0,7.9,3.0,1.0,2.0,,
734029,1,335974,Chennai Super Kings,185,3,20.0,9.25,7.0,,1.0,,
734029,2,628333,Sunrisers Hyderabad,189,4,19.4,9.61,1.0,1.0,3.0,,
734027,1,335971,Kolkata Knight Riders,195,4,20.0,9.75,1.0,1.0,4.0,1.0,
734027,2,335970,Royal Challengers Bangalore,165,5,20.0,8.25,8.0,1.0,1.0,,
734025,1,335973,Kings XI Punjab,156,8,20.0,7.8,5.0,,3.0,,
734025,2,335978,Mumbai Indians,159,3,19.0,8.36,,,10.0,,
734023,1,335974,Chennai Super Kings,154,4,20.0,7.7,,1.0,2.0,,
734023,2,335971,Kolkata Knight Riders,156,2,18.0,8.66,3.0,,1.0,,
734021,1,335970,Royal Challengers Bangalore,160,6,20.0,8.0,2.0,,4.0,1.0,
734021,2,628333,Sunrisers Hyderabad,161,3,19.4,8.18,2.0,,3.0,2.0,
734019,1,335975,Delhi Daredevils,164,7,20.0,8.2,1.0,,4.0,,
734019,2,335973,Kings XI Punjab,165,6,19.4,8.38,4.0,,11.0,,
734017,1,335978,Mumbai Indians,178,3,20.0,8.9,3.0,1.0,2.0,,
734017,2,335977,Rajasthan Royals,153,8,20.0,7.65,1.0,,7.0,,
734015,1,628333,Sunrisers Hyderabad,142,8,20.0,7.1,1.0,,8.0,1.0,
734015,2,335971,Kolkata Knight Riders,146,3,19.4,7.42,1.0,,,,
734013,1,335974,Chennai Super Kings,138,4,20.0,6.9,3.0,,3.0,,
734013,2,335970,Royal Challengers Bangalore,142,5,19.5,7.15,8.0,,4.0,1.0,
734011,1,335977,Rajasthan Royals,201,6,20.0,10.05,10.0,1.0,4.0,,
734011,2,335975,Delhi Daredevils,139,9,20.0,6.95,3.0,,6.0,,
734009,1,335978,Mumbai Indians,141,5,20.0,7.05,1.0,1.0,5.0,,
734009,2,335971,Kolkata Knight Riders,142,4,18.4,7.6,1.0,,4.0,,
734007,1,628333,Sunrisers Hyderabad,205,5,20.0,10.25,1.0,3.0,11.0,,
734007,2,335973,Kings XI Punjab,211,4,18.4,11.3,3.0,1.0,,,
734005,1,335970,Royal Challengers Bangalore,186,4,20.0,9.3,4.0,2.0,3.0,,
734005,2,335975,Delhi Daredevils,170,7,20.0,8.5,2.0,2.0,2.0,4.0,
734003,1,335977,Rajasthan Royals,148,8,20.0,7.4,3.0,,8.0,1.0,
734003,2,335974,Chennai Super Kings,149,5,19.4,7.57,3.0,,5.0,,
734001,1,628333,Sunrisers Hyderabad,157,3,20.0,7.85,1.0,,5.0,,
734001,2,335978,Mumbai Indians,160,3,18.4,8.57,,,3.0,,
733999,1,335970,Royal Challengers Bangalore,190,5,20.0,9.5,2.0,,5.0,,
733999,2,335977,Rajasthan Royals,191,5,18.5,10.14,1.0,1.0,5.0,,
733997,1,335973,Kings XI Punjab,149,8,20.0,7.45,1.0,,2.0,1.0,
733997,2,335971,Kolkata Knight Riders,150,1,18.0,8.33,2.0,,3.0,,
733995,1,335978,Mumbai Indians,157,6,20.0,7.85,,,5.0,,
733995,2,335974,Chennai Super Kings,160,6,19.3,8.2,5.0,,5.0,1.0,
733993,1,335975,Delhi Daredevils,143,7,20.0,7.15,4.0,,1.0,,
733993,2,628333,Sunrisers Hyderabad,44,2,4.2,10.15,2.0,1.0,4.0,4.0,
733991,1,335973,Kings XI Punjab,198,8,20.0,9.9,2.0,2.0,11.0,,
733991,2,335970,Royal Challengers Bangalore,166,9,20.0,8.3,1.0,1.0,4.0,,
733989,1,628333,Sunrisers Hyderabad,134,9,20.0,6.7,5.0,,2.0,5.0,
733989,2,335977,Rajasthan Royals,102,10,19.5,5.14,1.0,,5.0,4.0,
733987,1,335973,Kings XI Punjab,231,4,20.0,11.55,5.0,,5.0,,
733987,2,335974,Chennai Super Kings,187,6,20.0,9.35,1.0,,3.0,,
733985,1,335975,Delhi Daredevils,160,5,20.0,8.0,6.0,,2.0,,
733985,2,335971,Kolkata Knight Riders,161,2,18.2,8.78,11.0,,1.0,,
733983,1,335978,Mumbai Indians,187,5,20.0,9.35,8.0,1.0,12.0,4.0,
733983,2,335970,Royal Challengers Bangalore,168,8,20.0,8.4,6.0,,4.0,,
733981,1,335975,Delhi Daredevils,178,5,20.0,8.9,6.0,,5.0,,
733981,2,335974,Chennai Super Kings,181,2,19.4,9.2,5.0,,2.0,4.0,
733979,1,335977,Rajasthan Royals,170,6,20.0,8.5,3.0,1.0,3.0,,
733979,2,335971,Kolkata Knight Riders,160,6,20.0,8.0,5.0,2.0,3.0,,
733977,1,628333,Sunrisers Hyderabad,155,6,20.0,7.75,3.0,1.0,6.0,,
733977,2,335970,Royal Challengers Bangalore,158,6,19.5,7.96,1.0,,4.0,,
733975,1,335975,Delhi Daredevils,152,5,20.0,7.6,3.0,,1.0,,
733975,2,335977,Rajasthan Royals,156,3,18.3,8.43,1.0,,3.0,,
733973,1,335973,Kings XI Punjab,168,5,20.0,8.4,6.0,1.0,5.0,1.0,
733973,2,335978,Mumbai Indians,170,5,19.1,8.86,3.0,,3.0,,
733971,1,335974,Chennai Super Kings,148,3,17.0,8.7,5.0,1.0,,,
733971,2,335971,Kolkata Knight Riders,114,9,17.0,6.7,3.0,1.0,,,
729317,1,628333,Sunrisers Hyderabad,172,5,20.0,8.6,5.0,1.0,12.0,,
729317,2,335978,Mumbai Indians,157,7,20.0,7.85,1.0,,6.0,2.0,
729315,1,335977,Rajasthan Royals,152,5,20.0,7.6,,,5.0,,
729315,2,335971,Kolkata Knight Riders,152,8,20.0,7.6,2.0,2.0,6.0,1.0,
729313,1,335970,Royal Challengers Bangalore,124,8,20.0,6.2,9.0,1.0,,,
729313,2,335973,Kings XI Punjab,127,5,18.5,6.74,4.0,1.0,7.0,,
729311,1,628333,Sunrisers Hyderabad,145,5,20.0,7.25,8.0,,3.0,5.0,
729311,2,335974,Chennai Super Kings,146,5,19.3,7.48,4.0,,,,
729309,1,335978,Mumbai Indians,125,6,20.0,6.25,6.0,1.0,4.0,,
729309,2,335975,Delhi Daredevils,126,4,18.5,6.69,2.0,,2.0,,5.0
729307,1,335973,Kings XI Punjab,132,9,20.0,6.6,2.0,1.0,1.0,1.0,
729307,2,335971,Kolkata Knight Riders,109,10,18.2,5.94,5.0,,5.0,,
729305,1,335970,Royal Challengers Bangalore,70,10,15.0,4.66,2.0,,1.0,1.0,
729305,2,335977,Rajasthan Royals,71,4,13.0,5.46,1.0,,2.0,,
729303,1,335978,Mumbai Indians,141,7,20.0,7.05,,,,1.0,
729303,2,335974,Chennai Super Kings,142,3,19.0,7.47,4.0,1.0,2.0,,
729301,1,628333,Sunrisers Hyderabad,184,1,20.0,9.2,3.0,,2.0,,
729301,2,335975,Delhi Daredevils,180,4,20.0,9.0,3.0,1.0,2.0,,
729299,1,335971,Kolkata Knight Riders,150,7,20.0,7.5,2.0,,4.0,1.0,
729299,2,335970,Royal Challengers Bangalore,148,5,20.0,7.4,5.0,1.0,2.0,,
729297,1,335974,Chennai Super Kings,140,6,20.0,7.0,2.0,,11.0,,
729297,2,335977,Rajasthan Royals,133,10,19.5,6.7,,,2.0,,
729295,1,335973,Kings XI Punjab,193,6,20.0,9.65,5.0,1.0,3.0,,
729295,2,628333,Sunrisers Hyderabad,121,10,19.2,6.25,3.0,2.0,3.0,,
729293,1,335974,Chennai Super Kings,177,7,20.0,8.85,3.0,,3.0,,
729293,2,335975,Delhi Daredevils,84,10,15.4,5.36,,,2.0,,
729291,1,335977,Rajasthan Royals,191,5,20.0,9.55,1.0,1.0,2.0,2.0,
729291,2,335973,Kings XI Punjab,193,3,18.4,10.33,5.0,,4.0,,
729289,1,335971,Kolkata Knight Riders,166,5,20.0,8.3,1.0,1.0,12.0,,
729289,2,335975,Delhi Daredevils,167,6,19.3,8.56,6.0,,5.0,,
729287,1,335978,Mumbai Indians,115,9,20.0,5.75,3.0,1.0,7.0,1.0,
729287,2,335970,Royal Challengers Bangalore,116,3,17.3,6.62,1.0,,1.0,,
729285,1,628333,Sunrisers Hyderabad,133,6,20.0,6.65,5.0,,9.0,1.0,
729285,2,335977,Rajasthan Royals,135,6,19.3,6.92,3.0,,2.0,,
729283,1,335974,Chennai Super Kings,205,4,20.0,10.25,2.0,1.0,11.0,,
729283,2,335973,Kings XI Punjab,206,4,18.5,10.93,1.0,,5.0,,
729281,1,335975,Delhi Daredevils,145,4,20.0,7.25,,1.0,9.0,,
729281,2,335970,Royal Challengers Bangalore,146,2,16.4,8.76,,1.0,3.0,,
729279,1,335971,Kolkata Knight Riders,163,5,20.0,8.15,4.0,,4.0,,
729279,2,335978,Mumbai Indians,122,7,20.0,6.1,,,1.0,4.0,
598073,1,335978,Mumbai Indians,148,9,20.0,7.4,2.0,,3.0,,
598073,2,335974,Chennai Super Kings,125,9,20.0,6.25,2.0,,7.0,,
598072,1,335977,Rajasthan Royals,165,6,20.0,8.25,4.0,2.0,8.0,,
598072,2,335978,Mumbai Indians,169,6,19.5,8.52,6.0,,4.0,,
598071,1,628333,Sunrisers Hyderabad,132,7,20.0,6.6,2.0,,4.0,,
598071,2,335977,Rajasthan Royals,135,6,19.2,6.98,,,4.0,,
598070,1,335974,Chennai Super Kings,192,1,20.0,9.6,1.0,,,,
598070,2,335978,Mumbai Indians,144,10,18.4,7.71,3.0,1.0,1.0,,
598069,1,335971,Kolkata Knight Riders,130,7,20.0,6.5,7.0,,7.0,,
598069,2,628333,Sunrisers Hyderabad,132,5,18.5,7.0,1.0,,8.0,,
598067,1,474666,Pune Warriors,172,5,20.0,8.6,2.0,1.0,2.0,,
598067,2,335975,Delhi Daredevils,134,9,20.0,6.7,5.0,1.0,10.0,,
598068,1,335970,Royal Challengers Bangalore,106,2,8.0,13.25,3.0,,2.0,,
598068,2,335974,Chennai Super Kings,82,6,8.0,10.25,,,2.0,,
598066,1,335973,Kings XI Punjab,183,8,20.0,9.15,3.0,,4.0,,
598066,2,335978,Mumbai Indians,133,10,19.1,6.93,6.0,1.0,2.0,,
598065,1,628333,Sunrisers Hyderabad,136,9,20.0,6.8,9.0,,5.0,1.0,
598065,2,335977,Rajasthan Royals,113,9,20.0,5.65,4.0,,2.0,,
598028,1,335973,Kings XI Punjab,171,4,20.0,8.55,6.0,,3.0,,
598028,2,335975,Delhi Daredevils,164,7,20.0,8.2,6.0,3.0,,4.0,
598063,1,335978,Mumbai Indians,166,8,20.0,8.3,3.0,,4.0,,
598063,2,335977,Rajasthan Royals,152,7,20.0,7.6,4.0,,8.0,4.0,
598061,1,474666,Pune Warriors,170,4,20.0,8.5,,,1.0,,
598061,2,335971,Kolkata Knight Riders,163,7,20.0,8.15,4.0,,11.0,,
598062,1,335974,Chennai Super Kings,168,4,20.0,8.4,2.0,,8.0,,
598062,2,335975,Delhi Daredevils,135,9,20.0,6.75,4.0,,5.0,,
598045,1,335970,Royal Challengers Bangalore,174,5,20.0,8.7,1.0,3.0,3.0,,
598045,2,335973,Kings XI Punjab,176,3,18.1,9.68,4.0,,4.0,,
598060,1,628333,Sunrisers Hyderabad,178,3,20.0,8.9,,,6.0,1.0,
598060,2,335978,Mumbai Indians,184,3,19.3,9.43,1.0,1.0,5.0,,
598058,1,335974,Chennai Super Kings,141,4,20.0,7.05,5.0,,3.0,,
598058,2,335977,Rajasthan Royals,144,5,17.1,8.38,,,1.0,,
598057,1,335970,Royal Challengers Bangalore,115,9,20.0,5.75,1.0,,1.0,1.0,
598057,2,335971,Kolkata Knight Riders,116,5,19.2,6.0,1.0,,4.0,,
598056,1,628333,Sunrisers Hyderabad,150,7,20.0,7.5,1.0,,1.0,2.0,
598056,2,335973,Kings XI Punjab,120,9,20.0,6.0,1.0,,2.0,5.0,
598055,1,474666,Pune Warriors,112,8,20.0,5.6,2.0,1.0,,1.0,
598055,2,335978,Mumbai Indians,116,5,18.5,6.15,,,4.0,,
598054,1,335970,Royal Challengers Bangalore,183,4,20.0,9.15,,1.0,4.0,,
598054,2,335975,Delhi Daredevils,179,7,20.0,8.95,6.0,1.0,4.0,,
598053,1,335971,Kolkata Knight Riders,152,6,20.0,7.6,3.0,,4.0,4.0,
598053,2,474666,Pune Warriors,106,10,19.3,5.43,,1.0,3.0,,
598052,1,335973,Kings XI Punjab,145,6,20.0,7.25,6.0,,3.0,,
598052,2,335977,Rajasthan Royals,147,2,19.0,7.73,1.0,,5.0,,
598051,1,335974,Chennai Super Kings,223,3,20.0,11.15,2.0,3.0,5.0,,
598051,2,628333,Sunrisers Hyderabad,146,8,20.0,7.3,,,4.0,,
598050,1,335978,Mumbai Indians,170,6,20.0,8.5,1.0,,10.0,,
598050,2,335971,Kolkata Knight Riders,105,10,18.2,5.72,9.0,,,,
598049,1,335975,Delhi Daredevils,154,4,20.0,7.7,2.0,,5.0,,
598049,2,335977,Rajasthan Royals,155,1,17.5,8.69,1.0,,9.0,1.0,
598064,1,335970,Royal Challengers Bangalore,190,3,20.0,9.5,5.0,1.0,4.0,,
598064,2,335973,Kings XI Punjab,194,4,18.0,10.77,2.0,1.0,4.0,4.0,
598047,1,474666,Pune Warriors,178,4,20.0,8.9,,,11.0,,
598047,2,335977,Rajasthan Royals,182,5,19.5,9.17,,,3.0,,
598046,1,335978,Mumbai Indians,139,5,20.0,6.95,,,4.0,,
598046,2,335974,Chennai Super Kings,79,10,15.2,5.15,1.0,,8.0,,
598044,1,335975,Delhi Daredevils,80,10,19.1,4.17,1.0,1.0,3.0,1.0,
598044,2,628333,Sunrisers Hyderabad,81,4,13.5,5.85,,,3.0,,
598043,1,335977,Rajasthan Royals,132,6,20.0,6.6,1.0,1.0,5.0,,
598043,2,335971,Kolkata Knight Riders,133,2,17.2,7.67,5.0,,5.0,,
598042,1,335970,Royal Challengers Bangalore,187,3,20.0,9.35,1.0,,11.0,,
598042,2,474666,Pune Warriors,170,9,20.0,8.5,2.0,,4.0,,
598041,1,335974,Chennai Super Kings,186,4,20.0,9.3,1.0,,2.0,,
598041,2,335973,Kings XI Punjab,171,6,20.0,8.55,3.0,,,,
598040,1,335971,Kolkata Knight Riders,136,7,20.0,6.8,2.0,,5.0,,
598040,2,335975,Delhi Daredevils,137,3,17.5,7.68,1.0,,1.0,,
598039,1,335978,Mumbai Indians,129,4,20.0,6.45,1.0,2.0,4.0,,
598039,2,628333,Sunrisers Hyderabad,130,3,18.0,7.22,,1.0,2.0,,
598038,1,335974,Chennai Super Kings,164,3,20.0,8.2,2.0,,2.0,,
598038,2,474666,Pune Warriors,127,9,20.0,6.35,1.0,1.0,4.0,,
598037,1,335978,Mumbai Indians,174,3,20.0,8.7,3.0,1.0,4.0,,
598037,2,335973,Kings XI Punjab,170,10,20.0,8.5,3.0,1.0,5.0,4.0,
598036,1,335970,Royal Challengers Bangalore,171,6,20.0,8.55,5.0,2.0,3.0,,
598036,2,335977,Rajasthan Royals,173,6,19.5,8.72,3.0,,2.0,,
598035,1,335975,Delhi Daredevils,164,5,20.0,8.2,2.0,,12.0,,
598035,2,474666,Pune Warriors,149,4,20.0,7.45,3.0,,3.0,,
598034,1,335974,Chennai Super Kings,200,3,20.0,10.0,,,2.0,1.0,
598034,2,335971,Kolkata Knight Riders,186,4,20.0,9.3,4.0,1.0,11.0,4.0,
598033,1,335978,Mumbai Indians,194,7,20.0,9.7,2.0,,3.0,4.0,
598033,2,335970,Royal Challengers Bangalore,136,7,20.0,6.8,1.0,1.0,5.0,4.0,
598032,1,628333,Sunrisers Hyderabad,144,9,20.0,7.2,2.0,,9.0,,
598032,2,335977,Rajasthan Royals,146,2,17.5,8.18,1.0,,1.0,,
598031,1,335973,Kings XI Punjab,149,6,20.0,7.45,4.0,,,1.0,
598031,2,335971,Kolkata Knight Riders,150,4,18.2,8.18,5.0,1.0,2.0,4.0,
598030,1,628333,Sunrisers Hyderabad,159,6,20.0,7.95,5.0,,3.0,,
598030,2,335974,Chennai Super Kings,160,5,19.4,8.13,1.0,1.0,4.0,,
598029,1,335971,Kolkata Knight Riders,159,6,20.0,7.95,3.0,1.0,1.0,1.0,
598029,2,335978,Mumbai Indians,162,5,19.5,8.16,4.0,,,,
598059,1,335975,Delhi Daredevils,120,7,20.0,6.0,4.0,,3.0,,
598059,2,335973,Kings XI Punjab,121,5,17.0,7.11,,,2.0,4.0,
598027,1,335970,Royal Challengers Bangalore,263,5,20.0,13.15,3.0,2.0,6.0,,
598027,2,474666,Pune Warriors,133,9,20.0,6.65,1.0,,3.0,,
598026,1,335977,Rajasthan Royals,185,4,20.0,9.25,3.0,1.0,6.0,,
598026,2,335974,Chennai Super Kings,186,5,19.5,9.37,4.0,,3.0,,
598025,1,474666,Pune Warriors,185,4,20.0,9.25,4.0,,4.0,,
598025,2,335973,Kings XI Punjab,186,3,19.5,9.37,2.0,,1.0,,
598024,1,335978,Mumbai Indians,161,4,20.0,8.05,1.0,,2.0,,
598024,2,335975,Delhi Daredevils,165,1,17.0,9.7,,3.0,1.0,,
598023,1,335977,Rajasthan Royals,117,10,19.4,5.94,,,,,
598023,2,335970,Royal Challengers Bangalore,123,3,17.5,6.89,5.0,,11.0,,
598022,1,335971,Kolkata Knight Riders,119,9,20.0,5.95,3.0,,1.0,,
598022,2,335974,Chennai Super Kings,124,6,19.1,6.46,4.0,,1.0,1.0,
598021,1,335973,Kings XI Punjab,123,9,20.0,6.15,1.0,,2.0,4.0,
598021,2,628333,Sunrisers Hyderabad,127,5,18.5,6.74,1.0,,1.0,4.0,
598020,1,335974,Chennai Super Kings,169,4,20.0,8.45,4.0,,5.0,,
598020,2,335975,Delhi Daredevils,83,10,17.3,4.74,,,4.0,,
598019,1,335977,Rajasthan Royals,179,3,20.0,8.95,7.0,2.0,6.0,,
598019,2,335978,Mumbai Indians,92,10,18.2,5.01,4.0,,3.0,,
598018,1,628333,Sunrisers Hyderabad,119,8,20.0,5.95,,,5.0,,
598018,2,474666,Pune Warriors,108,10,19.0,5.68,,,,,
598017,1,335975,Delhi Daredevils,152,5,20.0,7.6,1.0,1.0,3.0,,
598017,2,335970,Royal Challengers Bangalore,152,7,20.0,7.6,1.0,,2.0,1.0,
598016,1,335973,Kings XI Punjab,157,9,20.0,7.85,2.0,,3.0,1.0,
598016,2,335971,Kolkata Knight Riders,153,9,20.0,7.65,7.0,,5.0,,
598015,1,474666,Pune Warriors,159,5,20.0,7.95,6.0,,2.0,,
598015,2,335974,Chennai Super Kings,135,8,20.0,6.75,,,2.0,,
598014,1,335973,Kings XI Punjab,124,10,18.5,6.58,2.0,1.0,7.0,,
598014,2,335977,Rajasthan Royals,126,4,19.2,6.51,6.0,,3.0,,
598013,1,335971,Kolkata Knight Riders,180,4,20.0,9.0,4.0,,4.0,,
598013,2,628333,Sunrisers Hyderabad,132,7,20.0,6.6,6.0,,5.0,1.0,
598012,1,335970,Royal Challengers Bangalore,165,6,20.0,8.25,1.0,1.0,6.0,,
598012,2,335974,Chennai Super Kings,166,6,19.5,8.36,1.0,3.0,4.0,,
598011,1,335978,Mumbai Indians,183,3,20.0,9.15,,1.0,2.0,,
598011,2,474666,Pune Warriors,142,8,20.0,7.1,1.0,,4.0,,
598010,1,335975,Delhi Daredevils,114,8,20.0,5.7,2.0,1.0,4.0,,
598010,2,628333,Sunrisers Hyderabad,115,7,19.2,5.94,1.0,1.0,1.0,,
598009,1,335977,Rajasthan Royals,145,5,20.0,7.25,3.0,1.0,3.0,,
598009,2,474666,Pune Warriors,148,3,18.4,7.92,2.0,1.0,3.0,,
598008,1,335971,Kolkata Knight Riders,154,8,20.0,7.7,3.0,1.0,2.0,,
598008,2,335970,Royal Challengers Bangalore,158,2,17.3,9.02,,2.0,8.0,,
598007,1,335973,Kings XI Punjab,138,10,19.5,6.95,6.0,,2.0,,
598007,2,335974,Chennai Super Kings,139,0,17.2,8.01,1.0,,2.0,,
598006,1,335978,Mumbai Indians,209,5,20.0,10.45,6.0,1.0,3.0,,
598006,2,335975,Delhi Daredevils,165,9,20.0,8.25,1.0,,8.0,1.0,
598048,1,628333,Sunrisers Hyderabad,161,6,20.0,8.05,,1.0,4.0,,
598048,2,335970,Royal Challengers Bangalore,162,3,17.4,9.16,1.0,,4.0,,
598005,1,335977,Rajasthan Royals,144,6,20.0,7.2,6.0,1.0,1.0,1.0,
598005,2,335971,Kolkata Knight Riders,125,10,19.0,6.57,5.0,,6.0,,
598004,1,335970,Royal Challengers Bangalore,130,8,20.0,6.5,1.0,,7.0,,
598004,2,628333,Sunrisers Hyderabad,130,7,20.0,6.5,9.0,,6.0,1.0,
598003,1,474666,Pune Warriors,99,9,20.0,4.95,2.0,,1.0,,
598003,2,335973,Kings XI Punjab,100,2,12.2,8.1,,1.0,2.0,,
598002,1,335978,Mumbai Indians,148,6,20.0,7.4,3.0,,6.0,,
598002,2,335974,Chennai Super Kings,139,9,20.0,6.95,1.0,,6.0,,
598001,1,335977,Rajasthan Royals,165,7,20.0,8.25,3.0,,6.0,,
598001,2,335975,Delhi Daredevils,160,6,20.0,8.0,5.0,,6.0,,
598000,1,628333,Sunrisers Hyderabad,126,6,20.0,6.3,1.0,,2.0,,
598000,2,474666,Pune Warriors,104,10,18.5,5.52,,,2.0,,
597999,1,335970,Royal Challengers Bangalore,156,5,20.0,7.8,11.0,,5.0,,
597999,2,335978,Mumbai Indians,154,5,20.0,7.7,4.0,1.0,2.0,1.0,
597998,1,335975,Delhi Daredevils,128,10,20.0,6.4,,,4.0,1.0,
597998,2,335971,Kolkata Knight Riders,129,4,18.4,6.91,3.0,,3.0,,
548381,1,335974,Chennai Super Kings,190,3,20.0,9.5,3.0,2.0,2.0,,
548381,2,335971,Kolkata Knight Riders,192,5,19.4,9.76,1.0,1.0,6.0,,
548380,1,335974,Chennai Super Kings,222,5,20.0,11.1,1.0,,5.0,,
548380,2,335975,Delhi Daredevils,136,10,16.5,8.07,3.0,,7.0,1.0,
548379,1,335974,Chennai Super Kings,187,5,20.0,9.35,2.0,,3.0,,
548379,2,335978,Mumbai Indians,149,9,20.0,7.45,5.0,1.0,5.0,,
548378,1,335971,Kolkata Knight Riders,162,4,20.0,8.1,2.0,,2.0,,
548378,2,335975,Delhi Daredevils,144,8,20.0,7.2,5.0,,5.0,4.0,
548377,1,335977,Rajasthan Royals,162,6,20.0,8.1,1.0,2.0,11.0,,
548377,2,335978,Mumbai Indians,163,0,18.0,9.05,2.0,1.0,15.0,,
548376,1,335980,Deccan Chargers,132,7,20.0,6.6,5.0,,4.0,1.0,
548376,2,335970,Royal Challengers Bangalore,123,9,20.0,6.15,,,3.0,,
548375,1,335971,Kolkata Knight Riders,136,4,20.0,6.8,1.0,2.0,,4.0,
548375,2,474666,Pune Warriors,102,8,20.0,5.1,2.0,,7.0,1.0,
548374,1,335973,Kings XI Punjab,141,8,20.0,7.05,1.0,,7.0,,
548374,2,335975,Delhi Daredevils,145,4,18.2,7.9,2.0,,7.0,,
548373,1,335977,Rajasthan Royals,126,8,20.0,6.3,2.0,1.0,3.0,1.0,
548373,2,335980,Deccan Chargers,128,5,18.4,6.85,1.0,,8.0,,
548372,1,335970,Royal Challengers Bangalore,215,1,20.0,10.75,,2.0,2.0,,
548372,2,335975,Delhi Daredevils,194,9,20.0,9.7,3.0,,4.0,,
548371,1,335974,Chennai Super Kings,120,7,20.0,6.0,2.0,,1.0,1.0,
548371,2,335973,Kings XI Punjab,123,4,16.3,7.45,3.0,,2.0,,
548370,1,335971,Kolkata Knight Riders,140,7,20.0,7.0,5.0,1.0,7.0,1.0,
548370,2,335978,Mumbai Indians,108,10,19.1,5.63,2.0,,2.0,,
548369,1,335973,Kings XI Punjab,136,8,20.0,6.8,3.0,,1.0,,
548369,2,335975,Delhi Daredevils,140,5,19.0,7.36,1.0,,1.0,,
548368,1,335971,Kolkata Knight Riders,158,6,20.0,7.9,2.0,,1.0,,
548368,2,335974,Chennai Super Kings,160,5,20.0,8.0,4.0,,1.0,,
548367,1,335970,Royal Challengers Bangalore,171,6,20.0,8.55,2.0,3.0,9.0,,
548367,2,335978,Mumbai Indians,173,5,19.4,8.79,4.0,,7.0,,
548366,1,335980,Deccan Chargers,190,4,20.0,9.5,6.0,1.0,2.0,,
548366,2,335973,Kings XI Punjab,194,6,20.0,9.7,6.0,,2.0,,
548365,1,335977,Rajasthan Royals,170,4,20.0,8.5,,,3.0,,
548365,2,474666,Pune Warriors,125,9,20.0,6.25,1.0,1.0,1.0,1.0,
548364,1,335975,Delhi Daredevils,114,5,20.0,5.7,2.0,,5.0,,
548364,2,335974,Chennai Super Kings,115,1,15.2,7.5,,,1.0,,
548363,1,335978,Mumbai Indians,182,1,20.0,9.1,2.0,,3.0,,
548363,2,335971,Kolkata Knight Riders,155,4,20.0,7.75,2.0,1.0,1.0,,
548362,1,335970,Royal Challengers Bangalore,173,3,20.0,8.65,4.0,1.0,4.0,,
548362,2,474666,Pune Warriors,138,9,20.0,6.9,3.0,,1.0,,
548361,1,335977,Rajasthan Royals,126,6,20.0,6.3,6.0,,6.0,,
548361,2,335974,Chennai Super Kings,127,6,18.1,6.99,,1.0,12.0,,
548329,1,335980,Deccan Chargers,187,4,20.0,9.35,1.0,,1.0,,
548329,2,335975,Delhi Daredevils,193,1,16.4,11.58,8.0,2.0,2.0,4.0,
548360,1,335978,Mumbai Indians,141,6,20.0,7.05,5.0,,2.0,,
548360,2,335970,Royal Challengers Bangalore,142,1,18.0,7.88,2.0,1.0,2.0,,
548359,1,335973,Kings XI Punjab,170,5,20.0,8.5,1.0,,5.0,1.0,
548359,2,335980,Deccan Chargers,145,8,20.0,7.25,1.0,,7.0,4.0,
548358,1,474666,Pune Warriors,125,6,20.0,6.25,7.0,,3.0,,
548358,2,335977,Rajasthan Royals,126,3,16.2,7.71,,,,,
548357,1,335975,Delhi Daredevils,153,9,20.0,7.65,2.0,,11.0,1.0,
548357,2,335971,Kolkata Knight Riders,154,4,18.4,8.25,5.0,,7.0,4.0,
548356,1,335980,Deccan Chargers,181,2,20.0,9.05,2.0,,3.0,1.0,
548356,2,335970,Royal Challengers Bangalore,185,5,18.5,9.82,2.0,,4.0,,
548355,1,335974,Chennai Super Kings,173,8,20.0,8.65,4.0,,5.0,,
548355,2,335978,Mumbai Indians,174,8,20.0,8.7,,,3.0,,
548354,1,335977,Rajasthan Royals,177,6,20.0,8.85,2.0,1.0,3.0,,
548354,2,335973,Kings XI Punjab,134,8,20.0,6.7,5.0,1.0,6.0,,
548353,1,335971,Kolkata Knight Riders,150,5,20.0,7.5,5.0,1.0,12.0,1.0,
548353,2,474666,Pune Warriors,143,8,20.0,7.15,4.0,1.0,5.0,,
548352,1,335974,Chennai Super Kings,160,6,20.0,8.0,5.0,1.0,2.0,,
548352,2,335980,Deccan Chargers,150,5,20.0,7.5,2.0,,2.0,,
548351,1,335978,Mumbai Indians,120,9,20.0,6.0,3.0,2.0,5.0,1.0,
548351,2,474666,Pune Warriors,119,6,20.0,5.95,,,6.0,,
548350,1,335970,Royal Challengers Bangalore,158,5,20.0,7.9,,,5.0,1.0,
548350,2,335973,Kings XI Punjab,163,6,19.5,8.21,2.0,,2.0,,
548349,1,335977,Rajasthan Royals,141,6,20.0,7.05,2.0,,3.0,,
548349,2,335975,Delhi Daredevils,144,4,15.2,9.39,3.0,,1.0,5.0,
548348,1,335980,Deccan Chargers,186,4,20.0,9.3,8.0,1.0,,2.0,
548348,2,474666,Pune Warriors,173,5,20.0,8.65,1.0,2.0,3.0,,
548347,1,335974,Chennai Super Kings,139,5,20.0,6.95,2.0,,3.0,1.0,
548347,2,335971,Kolkata Knight Riders,140,5,19.4,7.11,4.0,1.0,8.0,,
548346,1,335980,Deccan Chargers,100,10,18.4,5.35,1.0,,3.0,1.0,
548346,2,335978,Mumbai Indians,101,5,18.1,5.55,1.0,,9.0,,
548345,1,335975,Delhi Daredevils,152,6,20.0,7.6,4.0,,3.0,1.0,
548345,2,335977,Rajasthan Royals,151,3,20.0,7.55,,,4.0,,
548344,1,335971,Kolkata Knight Riders,190,4,20.0,9.5,1.0,,4.0,,
548344,2,335970,Royal Challengers Bangalore,143,6,20.0,7.15,2.0,1.0,2.0,,
548343,1,335973,Kings XI Punjab,156,8,20.0,7.8,,,5.0,,
548343,2,335974,Chennai Super Kings,149,8,20.0,7.45,2.0,,3.0,1.0,
548342,1,335975,Delhi Daredevils,207,5,20.0,10.35,2.0,,7.0,,
548342,2,335978,Mumbai Indians,170,9,20.0,8.5,,,4.0,,
548341,1,335980,Deccan Chargers,177,4,20.0,8.85,5.0,,2.0,4.0,
548341,2,474666,Pune Warriors,159,7,20.0,7.95,3.0,1.0,5.0,,
548339,1,335973,Kings XI Punjab,168,3,20.0,8.4,,1.0,9.0,,
548339,2,335978,Mumbai Indians,171,6,19.5,8.62,4.0,1.0,4.0,,
548337,1,474666,Pune Warriors,146,2,20.0,7.3,1.0,,,4.0,
548337,2,335975,Delhi Daredevils,148,2,16.0,9.25,5.0,,2.0,,
548336,1,335970,Royal Challengers Bangalore,189,3,20.0,9.45,10.0,2.0,7.0,,
548336,2,335977,Rajasthan Royals,143,7,20.0,7.15,5.0,,5.0,,
548335,1,335980,Deccan Chargers,126,7,20.0,6.3,2.0,1.0,,,
548335,2,335971,Kolkata Knight Riders,127,5,19.0,6.68,2.0,,7.0,,
548334,1,335978,Mumbai Indians,163,6,20.0,8.15,1.0,,5.0,,
548334,2,335973,Kings XI Punjab,164,4,19.3,8.41,,,6.0,,
548333,1,474666,Pune Warriors,192,3,20.0,9.6,4.0,1.0,10.0,,
548333,2,335975,Delhi Daredevils,172,7,20.0,8.6,2.0,,3.0,,
548332,1,335977,Rajasthan Royals,146,4,20.0,7.3,2.0,,11.0,1.0,
548332,2,335974,Chennai Super Kings,147,3,20.0,7.35,1.0,,1.0,,
548331,1,335973,Kings XI Punjab,163,6,20.0,8.15,4.0,,3.0,1.0,
548331,2,335970,Royal Challengers Bangalore,166,5,19.3,8.51,,1.0,7.0,,
548330,1,335974,Chennai Super Kings,164,5,20.0,8.2,1.0,1.0,,,
548330,2,474666,Pune Warriors,151,7,20.0,7.55,6.0,1.0,7.0,1.0,
548321,1,335980,Deccan Chargers,157,8,20.0,7.85,,1.0,5.0,,
548321,2,335975,Delhi Daredevils,162,5,19.1,8.45,,,4.0,,
548328,1,335973,Kings XI Punjab,124,7,20.0,6.2,1.0,,2.0,,
548328,2,335971,Kolkata Knight Riders,127,2,16.3,7.69,4.0,,1.0,,
548327,1,474666,Pune Warriors,182,6,20.0,9.1,3.0,,3.0,1.0,
548327,2,335970,Royal Challengers Bangalore,186,4,20.0,9.3,1.0,2.0,3.0,1.0,
548326,1,335980,Deccan Chargers,196,2,20.0,9.8,2.0,,11.0,,
548326,2,335977,Rajasthan Royals,197,5,19.4,10.01,,1.0,5.0,,
548325,1,335978,Mumbai Indians,92,10,19.2,4.75,4.0,2.0,3.0,,
548325,2,335975,Delhi Daredevils,93,3,14.5,6.26,5.0,,6.0,,
548324,1,335977,Rajasthan Royals,195,2,20.0,9.75,1.0,,1.0,4.0,
548324,2,335970,Royal Challengers Bangalore,136,10,19.5,6.85,1.0,,2.0,,
548323,1,335973,Kings XI Punjab,134,9,20.0,6.7,6.0,,1.0,,
548323,2,335971,Kolkata Knight Riders,132,7,20.0,6.6,3.0,,2.0,4.0,
548322,1,335974,Chennai Super Kings,155,5,20.0,7.75,1.0,2.0,3.0,,
548322,2,474666,Pune Warriors,156,3,19.2,8.06,2.0,,3.0,,
548320,1,335977,Rajasthan Royals,131,5,20.0,6.55,,,9.0,1.0,
548320,2,335971,Kolkata Knight Riders,137,5,19.2,7.08,2.0,,6.0,4.0,
548319,1,474666,Pune Warriors,115,10,19.0,6.05,3.0,,5.0,4.0,
548319,2,335973,Kings XI Punjab,116,3,17.4,6.56,,,,,
548318,1,335970,Royal Challengers Bangalore,205,8,20.0,10.25,,,14.0,2.0,
548318,2,335974,Chennai Super Kings,208,5,20.0,10.4,1.0,2.0,2.0,,
548317,1,335978,Mumbai Indians,197,6,20.0,9.85,5.0,,,1.0,
548317,2,335977,Rajasthan Royals,170,10,19.4,8.64,1.0,1.0,2.0,,
548316,1,335974,Chennai Super Kings,110,8,20.0,5.5,1.0,,4.0,1.0,
548316,2,335975,Delhi Daredevils,111,2,13.2,8.32,1.0,,,,
548315,1,335971,Kolkata Knight Riders,165,8,20.0,8.25,4.0,,2.0,,
548315,2,335970,Royal Challengers Bangalore,123,9,20.0,6.15,1.0,,8.0,1.0,
548314,1,335980,Deccan Chargers,138,9,20.0,6.9,,,4.0,1.0,
548314,2,335978,Mumbai Indians,142,5,20.0,7.1,2.0,,,2.0,
548313,1,474666,Pune Warriors,166,6,20.0,8.3,7.0,2.0,3.0,,
548313,2,335973,Kings XI Punjab,144,8,20.0,7.2,2.0,1.0,4.0,4.0,
548312,1,335977,Rajasthan Royals,164,5,20.0,8.2,,1.0,2.0,,
548312,2,335971,Kolkata Knight Riders,142,10,20.0,7.1,1.0,,5.0,1.0,
548311,1,335974,Chennai Super Kings,193,6,20.0,9.65,2.0,1.0,7.0,1.0,
548311,2,335980,Deccan Chargers,119,10,17.1,6.93,1.0,,3.0,,
548310,1,335970,Royal Challengers Bangalore,157,8,20.0,7.85,4.0,,2.0,,
548310,2,335975,Delhi Daredevils,137,7,20.0,6.85,2.0,,2.0,,
548309,1,335977,Rajasthan Royals,191,4,20.0,9.55,8.0,,11.0,,
548309,2,335973,Kings XI Punjab,160,9,20.0,8.0,4.0,1.0,1.0,,
548308,1,474666,Pune Warriors,129,9,20.0,6.45,5.0,,3.0,,
548308,2,335978,Mumbai Indians,101,9,20.0,5.05,1.0,,4.0,,
548307,1,335971,Kolkata Knight Riders,97,9,12.0,8.08,5.0,,2.0,,
548307,2,335975,Delhi Daredevils,100,2,11.1,8.95,4.0,,1.0,,
548306,1,335974,Chennai Super Kings,112,10,19.5,5.64,5.0,,7.0,,
548306,2,335978,Mumbai Indians,115,2,16.5,6.83,3.0,,3.0,,
501271,1,335974,Chennai Super Kings,205,5,20.0,10.25,7.0,,2.0,,
501271,2,335970,Royal Challengers Bangalore,147,8,20.0,7.35,2.0,1.0,1.0,2.0,
501270,1,335970,Royal Challengers Bangalore,185,4,20.0,9.25,,1.0,13.0,,
501270,2,335978,Mumbai Indians,142,8,20.0,7.1,2.0,,2.0,,
501269,1,335971,Kolkata Knight Riders,147,7,20.0,7.35,1.0,,4.0,1.0,
501269,2,335978,Mumbai Indians,148,6,19.2,7.65,3.0,,1.0,,
501268,1,335970,Royal Challengers Bangalore,175,4,20.0,8.75,7.0,,5.0,2.0,
501268,2,335974,Chennai Super Kings,177,4,19.4,9.0,1.0,2.0,4.0,1.0,
501267,1,335971,Kolkata Knight Riders,175,7,20.0,8.75,2.0,,3.0,1.0,
501267,2,335978,Mumbai Indians,178,5,20.0,8.9,9.0,,7.0,,
501266,1,335974,Chennai Super Kings,128,8,20.0,6.4,4.0,,6.0,,
501266,2,335970,Royal Challengers Bangalore,129,2,18.0,7.16,2.0,,8.0,,
501264,1,335980,Deccan Chargers,198,2,20.0,9.9,8.0,,8.0,,
501264,2,335973,Kings XI Punjab,116,10,19.0,6.1,2.0,,2.0,,
501263,1,335978,Mumbai Indians,133,5,20.0,6.65,2.0,,3.0,,
501263,2,335977,Rajasthan Royals,134,0,13.1,10.17,,,2.0,,
501262,1,474666,Pune Warriors,118,7,20.0,5.9,3.0,1.0,8.0,,
501262,2,335971,Kolkata Knight Riders,119,3,16.4,7.14,1.0,1.0,3.0,,
501261,1,335974,Chennai Super Kings,152,5,20.0,7.6,2.0,,2.0,,
501261,2,474668,Kochi Tuskers Kerala,141,5,20.0,7.05,2.0,,7.0,,
501260,1,335973,Kings XI Punjab,232,2,20.0,11.6,14.0,2.0,4.0,7.0,
501260,2,335970,Royal Challengers Bangalore,121,10,17.0,7.11,1.0,,4.0,4.0,
501259,1,474666,Pune Warriors,136,9,20.0,6.8,1.0,,2.0,,
501259,2,335980,Deccan Chargers,138,4,19.2,7.13,,,9.0,,
501258,1,335977,Rajasthan Royals,97,10,18.3,5.24,1.0,,2.0,,
501258,2,474668,Kochi Tuskers Kerala,98,2,7.2,13.36,5.0,2.0,2.0,,
501257,1,335973,Kings XI Punjab,170,6,20.0,8.5,2.0,,7.0,,
501257,2,335975,Delhi Daredevils,141,8,20.0,7.05,4.0,,8.0,,
501256,1,335980,Deccan Chargers,135,6,20.0,6.75,4.0,,3.0,,
501256,2,335978,Mumbai Indians,125,8,20.0,6.25,2.0,,8.0,8.0,
501255,1,335971,Kolkata Knight Riders,89,4,13.0,6.84,1.0,,2.0,4.0,
501255,2,335970,Royal Challengers Bangalore,105,6,12.3,8.4,,,6.0,,
501254,1,474668,Kochi Tuskers Kerala,178,7,20.0,8.9,4.0,,19.0,,
501254,2,335973,Kings XI Punjab,181,4,18.5,9.61,2.0,,6.0,,
501253,1,335974,Chennai Super Kings,176,4,20.0,8.8,2.0,1.0,1.0,,
501253,2,335975,Delhi Daredevils,158,6,20.0,7.9,9.0,,5.0,,
501252,1,335977,Rajasthan Royals,146,6,20.0,7.3,1.0,2.0,7.0,1.0,
501252,2,335970,Royal Challengers Bangalore,151,1,17.0,8.88,1.0,,2.0,1.0,
501251,1,335973,Kings XI Punjab,163,8,20.0,8.15,13.0,,7.0,2.0,
501251,2,335978,Mumbai Indians,87,10,12.5,6.77,,,4.0,1.0,
501250,1,335980,Deccan Chargers,136,8,20.0,6.8,,,1.0,,
501250,2,474666,Pune Warriors,137,4,18.2,7.47,,1.0,2.0,,
501249,1,335974,Chennai Super Kings,196,3,20.0,9.8,2.0,,6.0,,
501249,2,335977,Rajasthan Royals,133,10,19.3,6.82,,,5.0,,
501248,1,335973,Kings XI Punjab,119,8,20.0,5.95,3.0,,,1.0,
501248,2,474666,Pune Warriors,120,5,17.1,6.99,1.0,1.0,6.0,4.0,
501247,1,474668,Kochi Tuskers Kerala,125,9,20.0,6.25,,1.0,9.0,,
501247,2,335970,Royal Challengers Bangalore,128,1,13.1,9.72,2.0,1.0,2.0,,
501246,1,335978,Mumbai Indians,178,4,20.0,8.9,2.0,,4.0,,
501246,2,335975,Delhi Daredevils,146,10,19.5,7.36,,2.0,6.0,1.0,
501245,1,335974,Chennai Super Kings,114,4,20.0,5.7,3.0,,3.0,,
501245,2,335971,Kolkata Knight Riders,61,2,10.0,6.1,1.0,,3.0,,
501244,1,335970,Royal Challengers Bangalore,205,6,20.0,10.25,5.0,,1.0,,
501244,2,335973,Kings XI Punjab,120,9,20.0,6.0,,1.0,4.0,,
501243,1,335980,Deccan Chargers,175,5,20.0,8.75,4.0,2.0,4.0,,
501243,2,335975,Delhi Daredevils,179,6,19.0,9.42,1.0,1.0,8.0,,
501242,1,474668,Kochi Tuskers Kerala,156,5,20.0,7.8,1.0,2.0,3.0,,
501242,2,335971,Kolkata Knight Riders,139,7,20.0,6.95,1.0,,2.0,,
501241,1,335978,Mumbai Indians,160,7,20.0,8.0,7.0,1.0,3.0,4.0,
501241,2,474666,Pune Warriors,139,7,20.0,6.95,4.0,,6.0,,
501240,1,335977,Rajasthan Royals,147,6,20.0,7.35,5.0,1.0,1.0,,
501240,2,335974,Chennai Super Kings,149,2,18.4,7.98,,,4.0,,
501239,1,335971,Kolkata Knight Riders,169,4,20.0,8.45,4.0,2.0,4.0,,
501239,2,335980,Deccan Chargers,149,6,20.0,7.45,,1.0,2.0,1.0,
501238,1,335975,Delhi Daredevils,140,6,20.0,7.0,2.0,1.0,4.0,,
501238,2,474668,Kochi Tuskers Kerala,141,3,15.0,9.4,3.0,3.0,12.0,,
501237,1,335978,Mumbai Indians,159,5,20.0,7.95,1.0,,2.0,2.0,
501237,2,335973,Kings XI Punjab,136,8,20.0,6.8,5.0,,1.0,6.0,
501236,1,335974,Chennai Super Kings,165,5,20.0,8.25,1.0,2.0,2.0,4.0,
501236,2,335980,Deccan Chargers,146,8,20.0,7.3,1.0,,3.0,1.0,
501235,1,474666,Pune Warriors,143,7,20.0,7.15,2.0,,2.0,1.0,
501235,2,335977,Rajasthan Royals,144,4,19.3,7.38,3.0,1.0,1.0,6.0,
501234,1,335973,Kings XI Punjab,119,6,20.0,5.95,,,5.0,1.0,
501234,2,335971,Kolkata Knight Riders,120,2,17.2,6.92,1.0,,11.0,,
501233,1,335975,Delhi Daredevils,157,7,20.0,7.85,8.0,2.0,6.0,,
501233,2,474668,Kochi Tuskers Kerala,119,10,18.5,6.31,1.0,,5.0,2.0,
501232,1,335970,Royal Challengers Bangalore,181,5,20.0,9.05,,,1.0,1.0,
501232,2,474666,Pune Warriors,155,5,20.0,7.75,4.0,,5.0,,
501231,1,335978,Mumbai Indians,94,8,20.0,4.7,3.0,,4.0,,
501231,2,335977,Rajasthan Royals,95,3,18.1,5.22,1.0,,1.0,,
501230,1,335971,Kolkata Knight Riders,148,7,20.0,7.4,2.0,,6.0,,
501230,2,335975,Delhi Daredevils,131,9,20.0,6.55,,,4.0,3.0,
501229,1,335980,Deccan Chargers,129,7,20.0,6.45,1.0,2.0,3.0,1.0,
501229,2,474668,Kochi Tuskers Kerala,74,10,16.3,4.48,3.0,,4.0,,
501228,1,474666,Pune Warriors,141,6,20.0,7.05,1.0,,4.0,,
501228,2,335974,Chennai Super Kings,145,2,19.3,7.43,2.0,1.0,5.0,,
501227,1,335975,Delhi Daredevils,160,6,20.0,8.0,4.0,2.0,7.0,,
501227,2,335970,Royal Challengers Bangalore,161,7,19.3,8.25,4.0,1.0,8.0,5.0,
501226,1,335974,Chennai Super Kings,142,6,20.0,7.1,,,3.0,1.0,
501226,2,474666,Pune Warriors,117,9,20.0,5.85,3.0,2.0,2.0,,
501225,1,474668,Kochi Tuskers Kerala,109,10,20.0,5.45,4.0,1.0,2.0,2.0,
501225,2,335977,Rajasthan Royals,111,2,14.1,7.83,1.0,,1.0,,
501224,1,335978,Mumbai Indians,172,4,20.0,8.6,3.0,,2.0,,
501224,2,335980,Deccan Chargers,135,8,20.0,6.75,5.0,,7.0,,
501223,1,335975,Delhi Daredevils,231,4,20.0,11.55,2.0,,14.0,,
501223,2,335973,Kings XI Punjab,202,6,20.0,10.1,2.0,2.0,1.0,,
501221,1,335978,Mumbai Indians,164,4,20.0,8.2,1.0,,12.0,1.0,
501221,2,335974,Chennai Super Kings,156,9,20.0,7.8,1.0,1.0,8.0,,
501222,1,335971,Kolkata Knight Riders,171,5,20.0,8.55,,1.0,12.0,,
501222,2,335970,Royal Challengers Bangalore,175,1,18.1,9.63,,,5.0,,
501220,1,335973,Kings XI Punjab,195,7,20.0,9.75,6.0,3.0,7.0,1.0,
501220,2,335977,Rajasthan Royals,147,7,20.0,7.35,1.0,,1.0,,
501219,1,474668,Kochi Tuskers Kerala,132,7,20.0,6.6,4.0,,3.0,1.0,
501219,2,335971,Kolkata Knight Riders,126,9,20.0,6.3,4.0,,3.0,4.0,
501218,1,474666,Pune Warriors,118,10,17.2,6.8,6.0,4.0,2.0,,
501218,2,335978,Mumbai Indians,124,3,20.0,6.2,6.0,,2.0,2.0,
501216,1,335980,Deccan Chargers,168,4,20.0,8.4,2.0,,2.0,1.0,
501216,2,335975,Delhi Daredevils,152,7,20.0,7.6,1.0,,6.0,6.0,
501215,1,335974,Chennai Super Kings,131,4,17.0,7.7,1.0,,2.0,,
501215,2,474668,Kochi Tuskers Kerala,135,3,15.0,9.0,1.0,,2.0,,
501214,1,335977,Rajasthan Royals,81,10,15.2,5.28,1.0,1.0,3.0,,
501214,2,335971,Kolkata Knight Riders,85,2,13.5,6.14,4.0,2.0,5.0,,
501213,1,474666,Pune Warriors,187,5,20.0,9.35,1.0,1.0,5.0,1.0,
501213,2,335975,Delhi Daredevils,190,7,19.2,9.82,,,9.0,1.0,
501212,1,335980,Deccan Chargers,165,8,20.0,8.25,3.0,1.0,1.0,,
501212,2,335973,Kings XI Punjab,166,2,17.4,9.39,7.0,2.0,5.0,,
501211,1,335974,Chennai Super Kings,183,5,20.0,9.15,2.0,,1.0,1.0,
501211,2,335970,Royal Challengers Bangalore,162,7,20.0,8.1,3.0,,6.0,,
501210,1,335978,Mumbai Indians,182,2,20.0,9.1,11.0,,6.0,,
501210,2,474668,Kochi Tuskers Kerala,184,2,19.0,9.68,3.0,,8.0,,
501209,1,335977,Rajasthan Royals,159,4,20.0,7.95,6.0,,12.0,1.0,
501209,2,335971,Kolkata Knight Riders,160,1,18.3,8.64,,1.0,3.0,,
501208,1,335980,Deccan Chargers,175,5,20.0,8.75,2.0,2.0,3.0,,
501208,2,335970,Royal Challengers Bangalore,142,9,20.0,7.1,3.0,3.0,2.0,,
501207,1,474668,Kochi Tuskers Kerala,148,8,20.0,7.4,3.0,1.0,6.0,1.0,
501207,2,474666,Pune Warriors,151,6,18.5,8.01,1.0,,10.0,,
501206,1,335974,Chennai Super Kings,188,4,20.0,9.4,3.0,1.0,1.0,,
501206,2,335973,Kings XI Punjab,193,4,19.1,10.06,,,1.0,,
501205,1,335970,Royal Challengers Bangalore,140,4,20.0,7.0,7.0,,4.0,4.0,
501205,2,335978,Mumbai Indians,143,1,18.3,7.72,1.0,1.0,1.0,,
501204,1,335975,Delhi Daredevils,151,6,20.0,7.55,4.0,2.0,3.0,,
501204,2,335977,Rajasthan Royals,152,4,18.3,8.21,5.0,2.0,1.0,4.0,
501203,1,335971,Kolkata Knight Riders,163,4,20.0,8.15,2.0,,3.0,5.0,
501203,2,335980,Deccan Chargers,154,8,20.0,7.7,3.0,,4.0,2.0,
501202,1,335973,Kings XI Punjab,112,8,20.0,5.6,4.0,1.0,5.0,,
501202,2,474666,Pune Warriors,113,3,13.1,8.58,1.0,,3.0,,
501201,1,335975,Delhi Daredevils,95,10,17.4,5.37,,,4.0,,
501201,2,335978,Mumbai Indians,99,2,16.5,5.88,3.0,,7.0,1.0,
501200,1,474668,Kochi Tuskers Kerala,161,5,20.0,8.05,2.0,1.0,7.0,1.0,
501200,2,335970,Royal Challengers Bangalore,162,4,18.4,8.67,4.0,2.0,7.0,,
501199,1,335980,Deccan Chargers,137,8,20.0,6.85,,,4.0,,
501199,2,335977,Rajasthan Royals,141,2,18.5,7.48,2.0,2.0,1.0,,
501198,1,335974,Chennai Super Kings,153,4,20.0,7.65,,,2.0,1.0,
501198,2,335971,Kolkata Knight Riders,151,7,20.0,7.55,1.0,,7.0,,
419165,1,335974,Chennai Super Kings,168,5,20.0,8.4,3.0,,8.0,,
419165,2,335978,Mumbai Indians,146,9,20.0,7.3,6.0,,5.0,1.0,
419164,1,335980,Deccan Chargers,82,10,18.3,4.43,1.0,,3.0,,
419164,2,335970,Royal Challengers Bangalore,86,1,13.5,6.21,1.0,,1.0,1.0,
419163,1,335974,Chennai Super Kings,142,7,20.0,7.1,5.0,,3.0,8.0,
419163,2,335980,Deccan Chargers,104,10,19.2,5.37,2.0,,6.0,,
419162,1,335978,Mumbai Indians,184,5,20.0,9.2,2.0,2.0,9.0,,
419162,2,335970,Royal Challengers Bangalore,149,9,20.0,7.45,2.0,1.0,7.0,,
419161,1,335978,Mumbai Indians,133,8,20.0,6.65,2.0,,2.0,2.0,
419161,2,335971,Kolkata Knight Riders,135,1,17.3,7.71,2.0,5.0,9.0,,
419160,1,335980,Deccan Chargers,145,7,20.0,7.25,2.0,,1.0,,
419160,2,335975,Delhi Daredevils,134,7,20.0,6.7,2.0,1.0,2.0,,
419159,1,335973,Kings XI Punjab,192,3,20.0,9.6,2.0,,3.0,,
419159,2,335974,Chennai Super Kings,195,4,19.4,9.91,5.0,1.0,4.0,,
419158,1,335977,Rajasthan Royals,132,9,20.0,6.6,,,2.0,1.0,
419158,2,335971,Kolkata Knight Riders,133,2,16.1,8.22,,,7.0,,
419157,1,335978,Mumbai Indians,191,4,20.0,9.55,4.0,,11.0,,
419157,2,335970,Royal Challengers Bangalore,134,9,20.0,6.7,2.0,,2.0,1.0,
419156,1,335973,Kings XI Punjab,174,3,20.0,8.7,3.0,1.0,4.0,,
419156,2,335980,Deccan Chargers,178,5,19.1,9.28,6.0,,7.0,,
419155,1,335974,Chennai Super Kings,112,9,20.0,5.6,,2.0,6.0,,
419155,2,335975,Delhi Daredevils,113,4,18.4,6.05,,,9.0,4.0,
419154,1,335977,Rajasthan Royals,130,6,20.0,6.5,5.0,1.0,2.0,,
419154,2,335970,Royal Challengers Bangalore,132,5,15.4,8.42,1.0,,,,
419153,1,335971,Kolkata Knight Riders,139,8,20.0,6.95,5.0,,14.0,1.0,
419153,2,335974,Chennai Super Kings,143,1,13.3,10.59,2.0,,13.0,,
419152,1,335978,Mumbai Indians,183,4,20.0,9.15,5.0,2.0,3.0,,
419152,2,335975,Delhi Daredevils,144,7,20.0,7.2,6.0,1.0,1.0,,
419151,1,335980,Deccan Chargers,151,6,20.0,7.55,4.0,1.0,4.0,,
419151,2,335970,Royal Challengers Bangalore,138,10,19.4,7.01,4.0,,9.0,,
419150,1,335978,Mumbai Indians,174,5,20.0,8.7,4.0,,8.0,,
419150,2,335977,Rajasthan Royals,137,8,20.0,6.85,1.0,,7.0,,
419149,1,335975,Delhi Daredevils,111,10,19.4,5.64,2.0,,16.0,,
419149,2,335973,Kings XI Punjab,112,3,18.4,6.0,5.0,,1.0,,
419148,1,335971,Kolkata Knight Riders,160,9,20.0,8.0,1.0,,10.0,,
419148,2,335970,Royal Challengers Bangalore,162,3,17.1,9.43,3.0,,8.0,,
419147,1,335974,Chennai Super Kings,138,8,20.0,6.9,3.0,,3.0,2.0,
419147,2,335980,Deccan Chargers,139,4,19.1,7.25,2.0,,6.0,,
419146,1,335978,Mumbai Indians,154,9,20.0,7.7,3.0,,1.0,,
419146,2,335973,Kings XI Punjab,158,4,19.2,8.17,1.0,,3.0,,
419145,1,335970,Royal Challengers Bangalore,184,6,20.0,9.2,1.0,,14.0,,
419145,2,335980,Deccan Chargers,186,3,19.2,9.62,2.0,,6.0,,
419144,1,335971,Kolkata Knight Riders,181,3,20.0,9.05,1.0,,6.0,,
419144,2,335975,Delhi Daredevils,167,8,20.0,8.35,4.0,,4.0,1.0,
419143,1,335973,Kings XI Punjab,153,6,20.0,7.65,2.0,,7.0,,
419143,2,335977,Rajasthan Royals,157,1,15.0,10.46,2.0,3.0,4.0,,
419142,1,335974,Chennai Super Kings,165,4,20.0,8.25,1.0,1.0,15.0,1.0,
419142,2,335978,Mumbai Indians,141,9,20.0,7.05,5.0,2.0,7.0,,
419141,1,335977,Rajasthan Royals,159,10,19.5,8.01,4.0,,6.0,2.0,
419141,2,335980,Deccan Chargers,157,10,19.5,7.91,2.0,1.0,6.0,1.0,
419140,1,335975,Delhi Daredevils,184,5,20.0,9.2,4.0,1.0,2.0,1.0,
419140,2,335970,Royal Challengers Bangalore,147,9,20.0,7.35,1.0,1.0,,,
419139,1,335971,Kolkata Knight Riders,200,3,20.0,10.0,1.0,1.0,11.0,,
419139,2,335973,Kings XI Punjab,204,2,18.2,11.12,3.0,,2.0,,
419138,1,335978,Mumbai Indians,178,5,20.0,8.9,2.0,,5.0,,
419138,2,335980,Deccan Chargers,115,10,18.2,6.27,2.0,1.0,3.0,1.0,
419137,1,335974,Chennai Super Kings,246,5,20.0,12.3,,,2.0,4.0,
419137,2,335977,Rajasthan Royals,223,5,20.0,11.15,6.0,1.0,4.0,4.0,
419136,1,335973,Kings XI Punjab,181,5,20.0,9.05,1.0,1.0,7.0,2.0,
419136,2,335970,Royal Challengers Bangalore,184,4,19.1,9.6,3.0,1.0,6.0,,
419135,1,335971,Kolkata Knight Riders,181,6,20.0,9.05,4.0,1.0,9.0,,
419135,2,335980,Deccan Chargers,157,5,20.0,7.85,2.0,,5.0,,
419134,1,335975,Delhi Daredevils,188,6,20.0,9.4,4.0,5.0,4.0,,
419134,2,335977,Rajasthan Royals,121,10,17.4,6.84,,,3.0,,
419133,1,335970,Royal Challengers Bangalore,161,4,20.0,8.05,1.0,,4.0,,
419133,2,335974,Chennai Super Kings,162,5,18.5,8.6,5.0,2.0,2.0,1.0,
419132,1,335973,Kings XI Punjab,163,10,20.0,8.15,6.0,1.0,10.0,4.0,
419132,2,335978,Mumbai Indians,164,6,19.3,8.41,2.0,,15.0,,
419131,1,335975,Delhi Daredevils,177,4,20.0,8.85,,1.0,3.0,,
419131,2,335971,Kolkata Knight Riders,137,9,20.0,6.85,3.0,1.0,5.0,2.0,
419130,1,335978,Mumbai Indians,172,7,20.0,8.6,,4.0,5.0,1.0,
419130,2,335980,Deccan Chargers,131,10,17.4,7.41,5.0,,4.0,2.0,
419129,1,335977,Rajasthan Royals,177,8,20.0,8.85,1.0,,2.0,,
419129,2,335974,Chennai Super Kings,160,6,20.0,8.0,3.0,,3.0,,
419127,1,335971,Kolkata Knight Riders,183,5,20.0,9.15,,2.0,8.0,8.0,
419127,2,335973,Kings XI Punjab,144,6,20.0,7.2,,,5.0,1.0,
419126,1,335980,Deccan Chargers,148,9,20.0,7.4,2.0,,7.0,2.0,
419126,2,335977,Rajasthan Royals,151,2,15.4,9.63,4.0,,7.0,,
419125,1,335974,Chennai Super Kings,180,2,20.0,9.0,4.0,1.0,9.0,,
419125,2,335978,Mumbai Indians,181,5,19.0,9.52,4.0,1.0,9.0,,
419128,1,335975,Delhi Daredevils,183,4,20.0,9.15,1.0,,7.0,,
419128,2,335970,Royal Challengers Bangalore,166,9,20.0,8.3,11.0,1.0,4.0,,
419124,1,335977,Rajasthan Royals,183,5,20.0,9.15,3.0,2.0,5.0,,
419124,2,335973,Kings XI Punjab,152,10,19.1,7.93,2.0,1.0,3.0,,
419123,1,335970,Royal Challengers Bangalore,171,5,20.0,8.55,10.0,1.0,3.0,,
419123,2,335974,Chennai Super Kings,135,7,20.0,6.75,5.0,,6.0,,
419122,1,335971,Kolkata Knight Riders,155,3,20.0,7.75,3.0,,6.0,6.0,
419122,2,335978,Mumbai Indians,156,3,18.3,8.43,,,4.0,,
419121,1,335973,Kings XI Punjab,136,8,20.0,6.8,2.0,,2.0,,
419121,2,335974,Chennai Super Kings,136,7,20.0,6.8,3.0,1.0,7.0,2.0,
419120,1,335980,Deccan Chargers,171,6,20.0,8.55,1.0,1.0,,,
419120,2,335975,Delhi Daredevils,161,9,20.0,8.05,2.0,,1.0,1.0,
419119,1,335978,Mumbai Indians,151,9,20.0,7.55,10.0,,4.0,,
419119,2,335970,Royal Challengers Bangalore,155,3,19.1,8.08,1.0,,,1.0,
419118,1,335977,Rajasthan Royals,168,7,20.0,8.4,4.0,,3.0,1.0,
419118,2,335971,Kolkata Knight Riders,134,5,20.0,6.7,4.0,,1.0,,
419117,1,335980,Deccan Chargers,170,7,20.0,8.5,,,1.0,,
419117,2,335973,Kings XI Punjab,164,8,20.0,8.2,10.0,,2.0,,
419116,1,335975,Delhi Daredevils,185,6,20.0,9.25,4.0,1.0,5.0,,
419116,2,335974,Chennai Super Kings,190,5,19.1,9.91,2.0,,8.0,,
419115,1,335977,Rajasthan Royals,92,10,19.5,4.63,2.0,1.0,4.0,,
419115,2,335970,Royal Challengers Bangalore,93,0,10.4,8.71,,,7.0,,
419114,1,335978,Mumbai Indians,218,7,20.0,10.9,3.0,2.0,11.0,1.0,
419114,2,335975,Delhi Daredevils,120,10,16.3,7.27,2.0,,8.0,1.0,
419113,1,335974,Chennai Super Kings,164,3,20.0,8.2,2.0,,1.0,,
419113,2,335971,Kolkata Knight Riders,109,10,19.2,5.63,5.0,,3.0,,
419112,1,335973,Kings XI Punjab,203,3,20.0,10.15,1.0,1.0,9.0,2.0,
419112,2,335970,Royal Challengers Bangalore,204,2,18.5,10.83,1.0,5.0,4.0,,
419111,1,335977,Rajasthan Royals,141,6,20.0,7.05,,,5.0,,
419111,2,335975,Delhi Daredevils,142,4,17.1,8.27,3.0,,5.0,1.0,
419110,1,335980,Deccan Chargers,190,4,20.0,9.5,3.0,2.0,9.0,2.0,
419110,2,335974,Chennai Super Kings,159,9,20.0,7.95,,,3.0,,
419109,1,335970,Royal Challengers Bangalore,135,7,20.0,6.75,2.0,1.0,1.0,1.0,
419109,2,335971,Kolkata Knight Riders,136,3,19.2,7.03,1.0,,5.0,,
419108,1,335973,Kings XI Punjab,142,9,20.0,7.1,8.0,,5.0,,
419108,2,335975,Delhi Daredevils,146,5,19.5,7.36,5.0,,2.0,,
419107,1,335978,Mumbai Indians,212,6,20.0,10.6,3.0,,13.0,,
419107,2,335977,Rajasthan Royals,208,7,20.0,10.4,,,5.0,,
419106,1,335971,Kolkata Knight Riders,161,4,20.0,8.05,8.0,1.0,6.0,,
419106,2,335980,Deccan Chargers,150,7,20.0,7.5,1.0,2.0,5.0,4.0,
392239,1,335980,Deccan Chargers,143,6,20.0,7.15,2.0,,6.0,,
392239,2,335970,Royal Challengers Bangalore,137,9,20.0,6.85,9.0,,1.0,,
392238,1,335974,Chennai Super Kings,146,5,20.0,7.3,3.0,,3.0,,
392238,2,335970,Royal Challengers Bangalore,149,4,18.5,7.91,3.0,2.0,,,
392237,1,335975,Delhi Daredevils,153,8,20.0,7.65,,1.0,4.0,5.0,
392237,2,335980,Deccan Chargers,154,4,17.4,8.71,,2.0,4.0,,
392236,1,335970,Royal Challengers Bangalore,170,4,20.0,8.5,1.0,,1.0,,
392236,2,335980,Deccan Chargers,158,6,20.0,7.9,3.0,,6.0,4.0,
392235,1,335978,Mumbai Indians,165,8,20.0,8.25,6.0,1.0,11.0,6.0,
392235,2,335975,Delhi Daredevils,166,6,17.3,9.48,,1.0,8.0,,
392234,1,335974,Chennai Super Kings,116,9,20.0,5.8,2.0,,2.0,3.0,
392234,2,335973,Kings XI Punjab,92,8,20.0,4.6,3.0,,3.0,,
392233,1,335977,Rajasthan Royals,101,9,20.0,5.05,2.0,,3.0,,
392233,2,335971,Kolkata Knight Riders,102,6,19.3,5.23,1.0,1.0,1.0,2.0,
392232,1,335975,Delhi Daredevils,134,7,20.0,6.7,,,3.0,,
392232,2,335970,Royal Challengers Bangalore,135,3,19.0,7.1,1.0,2.0,,,
392231,1,335974,Chennai Super Kings,188,3,20.0,9.4,3.0,,13.0,4.0,
392231,2,335971,Kolkata Knight Riders,189,3,20.0,9.45,4.0,1.0,,,
392230,1,335975,Delhi Daredevils,150,3,20.0,7.5,1.0,3.0,1.0,,
392230,2,335977,Rajasthan Royals,136,9,20.0,6.8,6.0,2.0,5.0,,
392229,1,335973,Kings XI Punjab,134,7,20.0,6.7,,1.0,5.0,1.0,
392229,2,335980,Deccan Chargers,133,8,20.0,6.65,,2.0,2.0,1.0,
392228,1,335971,Kolkata Knight Riders,160,5,20.0,8.0,2.0,2.0,2.0,1.0,
392228,2,335980,Deccan Chargers,166,4,20.0,8.3,2.0,2.0,2.0,1.0,
392227,1,335978,Mumbai Indians,147,5,20.0,7.35,3.0,1.0,1.0,,
392227,2,335974,Chennai Super Kings,151,3,19.1,7.87,16.0,,10.0,,
392226,1,335975,Delhi Daredevils,120,9,20.0,6.0,7.0,,7.0,,
392226,2,335973,Kings XI Punjab,123,4,19.1,6.41,2.0,4.0,3.0,,
392225,1,335977,Rajasthan Royals,145,7,20.0,7.25,3.0,,4.0,,
392225,2,335978,Mumbai Indians,143,10,19.5,7.21,3.0,1.0,14.0,,
392224,1,335974,Chennai Super Kings,129,10,19.4,6.55,3.0,,1.0,,
392224,2,335970,Royal Challengers Bangalore,132,8,19.4,6.71,1.0,,3.0,4.0,
392223,1,335975,Delhi Daredevils,173,7,20.0,8.65,1.0,2.0,9.0,,
392223,2,335980,Deccan Chargers,161,10,19.4,8.18,3.0,,5.0,,
392222,1,335973,Kings XI Punjab,119,9,20.0,5.95,1.0,2.0,12.0,3.0,
392222,2,335978,Mumbai Indians,122,2,16.2,7.46,,2.0,4.0,,
392221,1,335971,Kolkata Knight Riders,173,4,20.0,8.65,,2.0,2.0,5.0,
392221,2,335970,Royal Challengers Bangalore,176,4,19.2,9.1,1.0,2.0,6.0,,
392220,1,335980,Deccan Chargers,166,7,20.0,8.3,1.0,,1.0,,
392220,2,335977,Rajasthan Royals,113,10,19.3,5.79,1.0,,3.0,,
392219,1,335971,Kolkata Knight Riders,123,8,20.0,6.15,2.0,1.0,5.0,,
392219,2,335975,Delhi Daredevils,125,3,17.1,7.28,5.0,,6.0,2.0,
392218,1,335978,Mumbai Indians,157,2,20.0,7.85,,,7.0,,
392218,2,335970,Royal Challengers Bangalore,141,7,20.0,7.05,6.0,,8.0,,
392217,1,335977,Rajasthan Royals,140,7,20.0,7.0,5.0,1.0,1.0,,
392217,2,335974,Chennai Super Kings,141,3,18.2,7.69,2.0,,8.0,,
392216,1,335980,Deccan Chargers,168,5,20.0,8.4,2.0,2.0,3.0,,
392216,2,335973,Kings XI Punjab,169,7,19.5,8.52,6.0,,3.0,,
392215,1,335978,Mumbai Indians,116,10,20.0,5.8,2.0,2.0,8.0,1.0,
392215,2,335975,Delhi Daredevils,118,3,18.5,6.26,,,6.0,,
392214,1,335974,Chennai Super Kings,185,3,18.0,10.27,5.0,,1.0,,
392214,2,335973,Kings XI Punjab,174,3,18.0,9.66,3.0,,3.0,,
392213,1,335970,Royal Challengers Bangalore,105,10,20.0,5.25,,1.0,4.0,,
392213,2,335977,Rajasthan Royals,107,3,15.0,7.13,,,3.0,,
392212,1,335980,Deccan Chargers,145,6,20.0,7.25,5.0,,4.0,,
392212,2,335978,Mumbai Indians,126,8,20.0,6.3,2.0,,1.0,,
392211,1,335971,Kolkata Knight Riders,154,3,20.0,7.7,,1.0,3.0,,
392211,2,335975,Delhi Daredevils,157,1,19.0,8.26,1.0,,7.0,,
392210,1,335977,Rajasthan Royals,211,4,20.0,10.55,,4.0,,,
392210,2,335973,Kings XI Punjab,133,8,20.0,6.65,5.0,,13.0,1.0,
392209,1,335974,Chennai Super Kings,178,3,20.0,8.9,5.0,,5.0,,
392209,2,335980,Deccan Chargers,100,10,14.4,6.81,3.0,1.0,2.0,1.0,
392208,1,335978,Mumbai Indians,149,4,20.0,7.45,2.0,1.0,3.0,,
392208,2,335970,Royal Challengers Bangalore,150,1,18.1,8.25,1.0,,7.0,,
392207,1,335971,Kolkata Knight Riders,153,3,20.0,7.65,3.0,,4.0,,
392207,2,335973,Kings XI Punjab,154,4,20.0,7.7,2.0,,8.0,,
392206,1,335974,Chennai Super Kings,163,10,20.0,8.15,,,5.0,4.0,
392206,2,335975,Delhi Daredevils,145,8,20.0,7.25,2.0,1.0,,,
392205,1,335980,Deccan Chargers,141,5,20.0,7.05,3.0,,4.0,,
392205,2,335977,Rajasthan Royals,142,7,19.4,7.22,2.0,1.0,3.0,1.0,
392204,1,335970,Royal Challengers Bangalore,145,9,20.0,7.25,1.0,,4.0,1.0,
392204,2,335973,Kings XI Punjab,137,7,20.0,6.85,6.0,,3.0,4.0,
392203,1,335978,Mumbai Indians,148,6,20.0,7.4,3.0,1.0,6.0,3.0,
392203,2,335971,Kolkata Knight Riders,139,6,20.0,6.95,1.0,1.0,6.0,,
392202,1,335974,Chennai Super Kings,164,5,20.0,8.2,2.0,1.0,2.0,,
392202,2,335977,Rajasthan Royals,126,10,19.3,6.46,5.0,,3.0,,
392201,1,335980,Deccan Chargers,148,9,20.0,7.4,8.0,1.0,2.0,,
392201,2,335975,Delhi Daredevils,150,4,18.4,8.03,4.0,1.0,7.0,,
392200,1,335973,Kings XI Punjab,119,8,20.0,5.95,2.0,,11.0,4.0,
392200,2,335978,Mumbai Indians,116,7,20.0,5.8,1.0,1.0,8.0,1.0,
392199,1,335971,Kolkata Knight Riders,139,6,20.0,6.95,2.0,,7.0,,
392199,2,335970,Royal Challengers Bangalore,143,5,19.5,7.21,1.0,,7.0,1.0,
392198,1,335975,Delhi Daredevils,143,7,20.0,7.15,3.0,1.0,1.0,,
392198,2,335977,Rajasthan Royals,147,5,18.3,7.94,3.0,1.0,5.0,,
392197,1,335978,Mumbai Indians,187,6,20.0,9.35,1.0,,8.0,,
392197,2,335971,Kolkata Knight Riders,95,10,15.2,6.19,,2.0,2.0,,
392196,1,335974,Chennai Super Kings,165,6,20.0,8.25,,3.0,4.0,,
392196,2,335980,Deccan Chargers,169,4,19.3,8.66,2.0,5.0,3.0,,
392195,1,335973,Kings XI Punjab,139,6,20.0,6.95,2.0,,9.0,2.0,
392195,2,335977,Rajasthan Royals,112,7,20.0,5.6,5.0,,5.0,,
392194,1,335970,Royal Challengers Bangalore,149,7,20.0,7.45,5.0,1.0,5.0,,
392194,2,335975,Delhi Daredevils,150,4,19.2,7.75,,,4.0,,
392192,1,335980,Deccan Chargers,168,9,20.0,8.4,7.0,,5.0,2.0,
392192,2,335978,Mumbai Indians,156,7,20.0,7.8,6.0,1.0,6.0,,
392191,1,335970,Royal Challengers Bangalore,168,9,20.0,8.4,1.0,,3.0,4.0,
392191,2,335973,Kings XI Punjab,173,3,19.0,9.1,3.0,,9.0,1.0,
392190,1,335977,Rajasthan Royals,150,6,20.0,7.5,3.0,,7.0,,
392190,2,335971,Kolkata Knight Riders,150,8,20.0,7.5,8.0,1.0,9.0,,
392189,1,335975,Delhi Daredevils,189,5,20.0,9.45,,,1.0,,
392189,2,335974,Chennai Super Kings,180,9,20.0,9.0,6.0,1.0,8.0,,
392188,1,335980,Deccan Chargers,184,6,20.0,9.2,8.0,,1.0,,
392188,2,335970,Royal Challengers Bangalore,160,8,20.0,8.0,1.0,,6.0,,
392186,1,335973,Kings XI Punjab,158,6,20.0,7.9,,,11.0,1.0,
392186,2,335971,Kolkata Knight Riders,79,1,9.2,8.46,,,4.0,,
392185,1,335974,Chennai Super Kings,179,5,20.0,8.95,5.0,,8.0,,
392185,2,335970,Royal Challengers Bangalore,87,10,15.2,5.67,1.0,,4.0,,
392184,1,335971,Kolkata Knight Riders,101,10,19.4,5.13,4.0,,1.0,,
392184,2,335980,Deccan Chargers,104,2,13.1,7.89,,,1.0,1.0,
392183,1,335973,Kings XI Punjab,104,7,12.0,8.66,4.0,,4.0,,
392183,2,335975,Delhi Daredevils,58,0,4.5,12.0,1.0,,3.0,1.0,
392182,1,335970,Royal Challengers Bangalore,133,8,20.0,6.65,2.0,,2.0,,
392182,2,335977,Rajasthan Royals,58,10,15.1,3.82,1.0,1.0,7.0,,
392181,1,335978,Mumbai Indians,165,7,20.0,8.25,1.0,,1.0,1.0,
392181,2,335974,Chennai Super Kings,146,7,20.0,7.3,6.0,,3.0,,
336040,1,335974,Chennai Super Kings,163,5,20.0,8.15,2.0,1.0,3.0,1.0,
336040,2,335977,Rajasthan Royals,164,7,20.0,8.2,6.0,2.0,5.0,1.0,
336039,1,335973,Kings XI Punjab,112,8,20.0,5.6,,,2.0,2.0,
336039,2,335974,Chennai Super Kings,116,1,14.5,7.82,,,4.0,,
336038,1,335977,Rajasthan Royals,192,9,20.0,9.6,1.0,,3.0,,
336038,2,335975,Delhi Daredevils,87,10,16.1,5.38,3.0,,4.0,,
336019,1,335973,Kings XI Punjab,221,3,20.0,11.05,1.0,1.0,3.0,,
336019,2,335977,Rajasthan Royals,180,7,20.0,9.0,3.0,,1.0,,
336012,1,335970,Royal Challengers Bangalore,122,9,18.0,6.77,,1.0,10.0,,
336012,2,335978,Mumbai Indians,126,1,16.0,7.87,2.0,,11.0,,
336037,1,335980,Deccan Chargers,147,8,20.0,7.35,8.0,,7.0,1.0,
336037,2,335974,Chennai Super Kings,148,3,19.2,7.65,3.0,,8.0,,
336036,1,335978,Mumbai Indians,145,7,20.0,7.25,6.0,1.0,6.0,,
336036,2,335977,Rajasthan Royals,146,5,20.0,7.3,6.0,1.0,5.0,4.0,
336035,1,335973,Kings XI Punjab,174,6,20.0,8.7,1.0,,10.0,,
336035,2,335971,Kolkata Knight Riders,175,7,19.4,8.89,5.0,,4.0,,
336002,1,335980,Deccan Chargers,165,10,20.0,8.25,3.0,2.0,8.0,,
336002,2,335970,Royal Challengers Bangalore,171,5,19.0,9.0,3.0,,,,
336032,1,335978,Mumbai Indians,176,8,20.0,8.8,1.0,1.0,7.0,,
336032,2,335975,Delhi Daredevils,179,5,19.5,9.02,2.0,,1.0,,
336033,1,335977,Rajasthan Royals,211,5,20.0,10.55,5.0,1.0,1.0,,
336033,2,335974,Chennai Super Kings,201,7,20.0,10.05,2.0,3.0,3.0,1.0,
336031,1,335980,Deccan Chargers,175,4,20.0,8.75,4.0,,1.0,,
336031,2,335973,Kings XI Punjab,178,4,19.3,9.12,3.0,,5.0,,
336029,1,335970,Royal Challengers Bangalore,126,8,20.0,6.3,3.0,,1.0,,
336029,2,335974,Chennai Super Kings,112,8,20.0,5.6,2.0,2.0,8.0,,
336028,1,335973,Kings XI Punjab,189,4,20.0,9.45,3.0,,9.0,,
336028,2,335978,Mumbai Indians,188,10,20.0,9.4,12.0,1.0,9.0,1.0,
336027,1,335971,Kolkata Knight Riders,147,8,20.0,7.35,2.0,,3.0,,
336027,2,335977,Rajasthan Royals,150,4,16.3,9.09,4.0,,3.0,,
336026,1,335970,Royal Challengers Bangalore,154,7,20.0,7.7,,,9.0,,
336026,2,335975,Delhi Daredevils,158,5,18.2,8.61,6.0,,5.0,1.0,
336024,1,335978,Mumbai Indians,178,7,20.0,8.9,11.0,2.0,7.0,,
336024,2,335980,Deccan Chargers,153,7,20.0,7.65,3.0,1.0,3.0,1.0,
336025,1,335971,Kolkata Knight Riders,149,5,20.0,7.45,7.0,1.0,3.0,2.0,
336025,2,335974,Chennai Super Kings,55,0,8.0,6.87,1.0,,3.0,,
336022,1,335975,Delhi Daredevils,118,4,11.0,10.72,2.0,1.0,7.0,,
336022,2,335973,Kings XI Punjab,94,3,8.0,11.75,2.0,,2.0,,
336023,1,335977,Rajasthan Royals,197,1,20.0,9.85,6.0,1.0,18.0,1.0,
336023,2,335970,Royal Challengers Bangalore,132,9,20.0,6.6,,,6.0,,
336021,1,335971,Kolkata Knight Riders,67,10,15.2,4.36,2.0,,6.0,,
336021,2,335978,Mumbai Indians,68,2,5.3,12.36,5.0,1.0,4.0,,
336020,1,335975,Delhi Daredevils,194,4,20.0,9.7,3.0,,5.0,,
336020,2,335980,Deccan Chargers,182,9,20.0,9.1,1.0,,2.0,,
336018,1,335974,Chennai Super Kings,156,6,20.0,7.8,3.0,,9.0,,
336018,2,335978,Mumbai Indians,158,1,13.5,11.42,4.0,,12.0,,
336017,1,335971,Kolkata Knight Riders,133,6,20.0,6.65,3.0,1.0,7.0,,
336017,2,335975,Delhi Daredevils,110,10,17.5,6.16,1.0,,7.0,,
336016,1,335970,Royal Challengers Bangalore,143,8,20.0,7.15,2.0,,8.0,5.0,
336016,2,335973,Kings XI Punjab,144,1,15.4,9.19,5.0,,4.0,,
336015,1,335975,Delhi Daredevils,156,7,20.0,7.8,6.0,,4.0,1.0,
336015,2,335977,Rajasthan Royals,159,7,19.1,8.29,7.0,3.0,5.0,2.0,
336014,1,335971,Kolkata Knight Riders,204,4,20.0,10.2,1.0,1.0,3.0,,
336014,2,335980,Deccan Chargers,181,7,20.0,9.05,8.0,4.0,4.0,,
336013,1,335974,Chennai Super Kings,181,4,20.0,9.05,4.0,1.0,10.0,,
336013,2,335973,Kings XI Punjab,163,9,20.0,8.15,1.0,,2.0,,
336011,1,335980,Deccan Chargers,140,8,20.0,7.0,4.0,1.0,1.0,,
336011,2,335977,Rajasthan Royals,141,2,16.0,8.81,,,10.0,1.0,
336010,1,335971,Kolkata Knight Riders,129,7,16.0,8.06,3.0,,2.0,,
336010,2,335970,Royal Challengers Bangalore,124,4,16.0,7.75,3.0,1.0,2.0,,
336009,1,335975,Delhi Daredevils,187,5,20.0,9.35,6.0,2.0,4.0,,
336009,2,335974,Chennai Super Kings,188,6,20.0,9.4,4.0,,6.0,1.0,
336008,1,335977,Rajasthan Royals,103,10,16.2,6.3,2.0,,5.0,,
336008,2,335978,Mumbai Indians,104,3,15.1,6.85,2.0,,10.0,,
336007,1,335974,Chennai Super Kings,144,7,20.0,7.2,6.0,,4.0,,
336007,2,335980,Deccan Chargers,148,3,18.0,8.22,1.0,2.0,2.0,,
336006,1,335970,Royal Challengers Bangalore,126,10,19.2,6.51,1.0,,9.0,,
336006,2,335973,Kings XI Punjab,127,4,18.2,6.92,10.0,,7.0,,
336005,1,335974,Chennai Super Kings,109,10,19.0,5.73,1.0,,2.0,4.0,
336005,2,335977,Rajasthan Royals,110,2,14.2,7.67,6.0,1.0,14.0,,
336004,1,335978,Mumbai Indians,162,8,20.0,8.1,2.0,1.0,3.0,4.0,
336004,2,335975,Delhi Daredevils,133,10,18.5,7.06,3.0,1.0,,,
336003,1,335973,Kings XI Punjab,178,6,20.0,8.9,5.0,1.0,4.0,4.0,
336003,2,335971,Kolkata Knight Riders,169,6,20.0,8.45,,,6.0,1.0,
336034,1,335970,Royal Challengers Bangalore,156,8,20.0,7.8,3.0,,2.0,,
336034,2,335980,Deccan Chargers,153,6,20.0,7.65,3.0,,2.0,1.0,
336001,1,335974,Chennai Super Kings,169,6,20.0,8.45,,2.0,5.0,,
336001,2,335975,Delhi Daredevils,172,2,19.0,9.05,1.0,2.0,2.0,1.0,
335999,1,335980,Deccan Chargers,164,8,20.0,8.2,1.0,,2.0,1.0,
335999,2,335973,Kings XI Punjab,167,3,18.5,8.86,2.0,,4.0,,
336000,1,335977,Rajasthan Royals,196,7,20.0,9.8,6.0,4.0,3.0,1.0,
336000,2,335971,Kolkata Knight Riders,151,10,19.1,7.87,2.0,,7.0,3.0,
335998,1,335975,Delhi Daredevils,191,5,20.0,9.55,2.0,1.0,1.0,,
335998,2,335970,Royal Challengers Bangalore,181,5,20.0,9.05,10.0,1.0,,1.0,
335997,1,335971,Kolkata Knight Riders,137,8,20.0,6.85,5.0,,7.0,1.0,
335997,2,335978,Mumbai Indians,138,3,18.4,7.39,5.0,1.0,9.0,,
335996,1,335974,Chennai Super Kings,178,5,20.0,8.9,1.0,,3.0,,
335996,2,335970,Royal Challengers Bangalore,165,10,19.4,8.38,1.0,,6.0,,
335994,1,335978,Mumbai Indians,154,7,20.0,7.7,4.0,2.0,3.0,2.0,
335994,2,335980,Deccan Chargers,155,0,12.0,12.91,1.0,,4.0,4.0,
335995,1,335975,Delhi Daredevils,158,8,20.0,7.9,5.0,,6.0,,
335995,2,335973,Kings XI Punjab,162,6,19.3,8.3,3.0,2.0,4.0,,
335992,1,335970,Royal Challengers Bangalore,135,8,20.0,6.75,2.0,1.0,3.0,,
335992,2,335977,Rajasthan Royals,138,3,17.1,8.03,1.0,,2.0,,
335993,1,335971,Kolkata Knight Riders,147,9,20.0,7.35,2.0,2.0,4.0,,
335993,2,335974,Chennai Super Kings,152,1,17.0,8.94,4.0,1.0,12.0,1.0,
335991,1,335973,Kings XI Punjab,182,10,20.0,9.1,1.0,1.0,4.0,1.0,
335991,2,335978,Mumbai Indians,116,9,20.0,5.8,1.0,2.0,4.0,,
335990,1,335980,Deccan Chargers,214,5,20.0,10.7,,1.0,5.0,,
335990,2,335977,Rajasthan Royals,217,7,19.5,10.94,4.0,1.0,2.0,,
335989,1,335974,Chennai Super Kings,208,5,20.0,10.4,3.0,2.0,9.0,4.0,
335989,2,335978,Mumbai Indians,202,7,20.0,10.1,5.0,2.0,6.0,,
335988,1,335980,Deccan Chargers,142,8,20.0,7.1,3.0,1.0,1.0,,
335988,2,335975,Delhi Daredevils,143,1,13.0,11.0,,,7.0,,5.0
335987,1,335973,Kings XI Punjab,166,8,20.0,8.3,1.0,1.0,2.0,,
335987,2,335977,Rajasthan Royals,168,4,18.1,9.24,2.0,4.0,6.0,,
335985,1,335978,Mumbai Indians,165,6,20.0,8.25,6.0,,3.0,2.0,
335985,2,335970,Royal Challengers Bangalore,166,5,19.4,8.44,,,5.0,,
335986,1,335980,Deccan Chargers,110,10,18.4,5.89,4.0,2.0,4.0,,
335986,2,335971,Kolkata Knight Riders,112,5,19.0,5.89,8.0,1.0,15.0,4.0,
335984,1,335977,Rajasthan Royals,129,8,20.0,6.45,3.0,,3.0,1.0,
335984,2,335975,Delhi Daredevils,132,1,15.1,8.7,,,10.0,,
335983,1,335974,Chennai Super Kings,240,5,20.0,12.0,2.0,1.0,3.0,,
335983,2,335973,Kings XI Punjab,207,4,20.0,10.35,4.0,,5.0,2.0,
335982,1,335971,Kolkata Knight Riders,222,3,20.0,11.1,4.0,,9.0,4.0,
335982,2,335970,Royal Challengers Bangalore,82,10,15.1,5.4,8.0,,11.0,,
